id,book,author,number,chapter,type,text,search,narrator,grade,grader,note,needs_review
1,الشمائل المحمدية,,,,حديث,عَنْ عَائِشَةَ رضي الله عنها قَالَتْ: دَخَلَ رَسُول الله صَلَّى اللَّهُ عَلَيْهِ وَسَلَّمَ عَلَى بِلالٍ يَوْمًا مِنَ الأَيَامِ، فَوَقَفَ بِالْبَابِ سَائِلُ، فَرَدَّهُ بِغَيْر شئ، فَقَالَ لَهُ رَسُولُ اللَّهِ صَلَّى اللَّهُ عَلَيْهِ وَسَلَّمَ: يَا بِلالُ أَرَدَدَتَ السَّائِلَ وَهَذَا التَّمْرُ عِنْدَكَ؟ قَالَ: بَلى يَا رَسُولَ اللَّهِ، كُنْتُ صَائِمًا وَأَرَدْتُ أَنْ أَفْطُرَ عَلَيْهِ. فَقَالَ النَّبِيُّ صَلَّى اللَّهُ عَلَيْهِ وَسَلَّمَ: إِنْ أَرَدْتَ أَنْ تَلْقَى اللَّهَ وَهُوَ عَنْكَ رَاضٍ فَلَا - تخبا -[ تُخبَّىْ] شَيْئًا رُزِقْتَهُ، وَلا تَمْنَعْ شَيْئًا سُئِلْتَهُ.,عن عائشة رضي الله عنها قالت: دخل رسول الله صلي الله عليه وسلم علي بلال يوما من الايام، فوقف بالباب سائل، فرده بغير شئ، فقال له رسول الله صلي الله عليه وسلم: يا بلال ارددت السائل وهذا التمر عندك؟ قال: بلي يا رسول الله، كنت صائما واردت ان افطر عليه. فقال النبي صلي الله عليه وسلم: ان اردت ان تلقي الله وهو عنك راض فلا - تخبا -[ تخبي] شيئا رزقته، ولا تمنع شيئا سئلته.,عائشة,لا يصح,,,false
2,الشمائل المحمدية,,,,حديث,أَنَّ النَّبي ﷺ كَانَ إِذَا دَخَلَ الخَلَاءَ نَزَعَ خَاتَمَهُ.,ان النبي صلي الله عليه وسلم كان اذا دخل الخلاء نزع خاتمه.,,,,التخريج: أخرجه أبو داود فى (( اللباس )) ( ٤٠٢٧/٤ ) - والترمذى فى (( اللباس )) (١٧٦٥/٤) وقال أبو عيسى : حديث حسن غريب - وأبو الشيخ فى أخلاق النبى,false
3,الشمائل المحمدية,,,,حديث,عن أنس بن مالك: أَنّ الّنبي ﷺ كَتَبَ إِلَى كِسْرَى وَقَيصَرَ والنَّجَاشِيّ، فَقِيِلَ لَهُ : إِنَّهُمْ لَا يقَبَلُونَ كِتَابًا إلاِ بِخَاتَمِ ، فَصَاغَ رَسُولُ اللَّه خاتمًا، حَلَقَتُهُ فِضََّةٌ، وَنَقَشَ فِيهِ : مُحَمَّدٌ رَسُولُ اللَّه.,عن انس بن مالك: ان النبي صلي الله عليه وسلم كتب الي كسري وقيصر والنجاشي، فقيل له : انهم لا يقبلون كتابا الا بخاتم ، فصاغ رسول الله خاتما، حلقته فضة، ونقش فيه : محمد رسول الله.,أنس بن مالك,,,,false
4,الشمائل المحمدية,,,,حديث,عبد الله بن سعيد ، عن جده ، قال : دَخَلَ رَسُولُ اللَّه ﷺ مَكَّةَ يَوْمَ الفَتح وَعَلَى سَيْفِهِ ذَهَبٌ وَفِضََّةٌ ، قال طالبٌ : فَسَأَلتُهُ عَنِ الفِضَّةِ . فَقَالَ : كَانَتْ قَبِيعَةُ السَّيْفِ فِضََّةً.,عبد الله بن سعيد ، عن جده ، قال : دخل رسول الله صلي الله عليه وسلم مكة يوم الفتح وعلي سيفه ذهب وفضة ، قال طالب : فسالته عن الفضة . فقال : كانت قبيعة السيف فضة.,,ضعيف,,التخريج: أخرجه الترمذى فى (( الجهاد )) ( ١٦٩٠ /٤,false
5,الشمائل المحمدية,,,,حديث,عن الفضل بن عباس ، قال : دَخَلتُ عَلَى رَسُولِ اللَّهِ ﷺ فِي مَرَضِهِ الَّذِي توفى فِيه ، وَعَلَى رأسهِ عصَالبَةٌ صَفْراءُ، فَسَلَّمْتُ عَلَيْهِ . قَقَالَ : يَا فَضْلٌ. قُلَتَ : لبّيك يَا رَسُول اللَّهِ قَالَ : اشْدُدْ بِهَذِهِ العِصَابَةِ رَأْسِى . قَالَ : فَفَعَلتُ . ثُمَ قَعَدَ ، فَوَضَعَ كَفَّهُ عَلَى مِنْكَبي . ثُمَّ قامَ فَدَخَلَ فِى المسْجِدِ,عن الفضل بن عباس ، قال : دخلت علي رسول الله صلي الله عليه وسلم في مرضه الذي توفي فيه ، وعلي راسه عصالبة صفراء، فسلمت عليه . ققال : يا فضل. قلت : لبيك يا رسول الله قال : اشدد بهذه العصابة راسي . قال : ففعلت . ثم قعد ، فوضع كفه علي منكبي . ثم قام فدخل في المسجد,الفضل بن عباس ، قال,ضعيف,,التخريج: رواه الطبراني,false
6,الشمائل المحمدية,,,,حديث,عن جابر بن سمرة قال: «كَانَ فِي سَاقِ رَسُولِ اللَّهِ ﷺ حُمُوشَةٌ، وَكَانَ لَا يَضْحَكُ إِلَّا تَبَسُّمًا، فَكُنْتُ إِذَا نَظَرْتُ إِلَيْهِ قُلْتُ أَكْحَلُ العَيْنَيْنِ،وَلَيْسَ بِأَكْحَلَ».,عن جابر بن سمرة قال: «كان في ساق رسول الله صلي الله عليه وسلم حموشة، وكان لا يضحك الا تبسما، فكنت اذا نظرت اليه قلت اكحل العينين،وليس باكحل».,جابر بن سمرة قال,ضعيف,,التخريج: 218,false
7,الشمائل المحمدية,,,,حديث,عن مسروق قال: «دَخَلْتُ عَلَى عَائِشَةَ، فَدَعَتْ لِي بِطَعَامٍ، وَقَالَتْ: مَا أَشْبَعُ مِنْ طَعَامٍ فَأَشَاءُأَنْ أَبْكِيَ إِلَّا بَكَيْتُ. قَالَ: قُلْتُ لِمَ؟ قَالَتْ: أَذْكُرُ الحَالَ الَّتِي فَارَقَ عَلَيْهَا رَسُولُ اللَّهِ ﷺ الدُّنْيَا، وَاللَّهِ مَا شَبِعَ مِنْ خُبْزٍ وَلَحْمٍ مَرَّتَيْنِ فِي يَوْمٍ,عن مسروق قال: «دخلت علي عائشة، فدعت لي بطعام، وقالت: ما اشبع من طعام فاشاءان ابكي الا بكيت. قال: قلت لم؟ قالت: اذكر الحال التي فارق عليها رسول الله صلي الله عليه وسلم الدنيا، والله ما شبع من خبز ولحم مرتين في يوم,مسروق قال,,,,false
8,الشمائل المحمدية,,,,حديث,أَكَلْتُ مَعَ رَسُولِ اللَّهِ ﷺ لَحْمَ حُبَارَى.,اكلت مع رسول الله صلي الله عليه وسلم لحم حباري.,,ضعيف,,التخريج: 149 - أخرجه أبوداود والترمذي.,false
9,الشمائل المحمدية,,,,حديث,عن عبد الله بن جعفر يقول: سمعت رسول الله ﷺ قال: «إِنَّ أَطْيَبَ اللَّحْمِ لَحْمُ الظَّهْرِ».,عن عبد الله بن جعفر يقول: سمعت رسول الله صلي الله عليه وسلم قال: «ان اطيب اللحم لحم الظهر».,عبد الله بن جعفر,ضعيف,,التخريج: 164 - أخرجه ابن ماجة وأحمد.,false
10,الشمائل المحمدية,,,,حديث,عن أنس أن رسول الله ﷺ «كَانَيُعْجِبُهُ الثُّفْلُ. قَالَ عَبْدُ اللَّهِ: يَعْنِي مَا بَقِيَ مِنَ الطَّعَامِ».,عن انس ان رسول الله صلي الله عليه وسلم «كانيعجبه الثفل. قال عبد الله: يعني ما بقي من الطعام».,أنس,ضعيف,,التخريج: 176 - أخرجه أبو داود والبيهقي.,false
11,الشمائل المحمدية,,,,حديث,عن قتادة قال: «مَا بَعَثَ اللَّهُ نَبِيًّا إِلَّا حَسَنَ الوَجْهِ، حَسَنَ الصَّوْتِ، وَكَانَ نَبِيُّكُمْ حَسَنَ الوَجْهِ حَسَنَ الصَّوْتِ، وَكَانَ لَا يُرَجِّعُ».,عن قتادة قال: «ما بعث الله نبيا الا حسن الوجه، حسن الصوت، وكان نبيكم حسن الوجه حسن الصوت، وكان لا يرجع».,قتادة قال,ضعيف,,التخريج: 305 - ذكره الذهبي في ميزان الاعتدال وقال ابن حجر في التقريب: ضعيف.,false
12,الشمائل المحمدية,,,,حديث,عن أَبِي سَعِيدٍ الخُدْرِيِّ قال: «كَانَ رَسُولُ اللَّهِ ﷺ إِذَا فَرَغَ مِنْ طَعَامِهِ قَالَ: الحَمْدُ لِلَّهِ الَّذِي أَطْعَمَنَا وَسَقَانَا وَجَعَلَنَا مُسْلِمِينَ».,عن ابي سعيد الخدري قال: «كان رسول الله صلي الله عليه وسلم اذا فرغ من طعامه قال: الحمد لله الذي اطعمنا وسقانا وجعلنا مسلمين».,أبي سعيد الخدري قال,ضعيف,,التخريج: 184 - أخرجه الترمذي وأبو داود وابن ماجة والنسائي وأحمد.,false
13,الشمائل المحمدية,,,,حديث,عن خارجة بن زيد بن ثابت قال: «دَخَلَ نَفَرٌ عَلَى زَيْدِ بْنِ ثَابِتٍ، فَقَالُوا لَهُ: حَدِّثْنَا أَحَادِيثَ رَسُولِ اللَّهِ ﷺ، فَقَالَ: مَاذَا أُحَدِّثُكُمْ؟ كُنْتُ جَارَهُ فَكَانَ إِذَا نَزَلَ عَلَيْهِ الوَحْيُ بَعَثَ إِلَيَّ فَكَتَبْتُهُ لَهُ، فَكُنَّا إِذَا ذَكَرْنَا الدُّنْيَا ذَكَرَهَا مَعَنَا، وَإِذَا ذَكَرْنَا الآخِرَةَ ذَكَرَهَا مَعَنَا، وَإِذَا ذَكَرْنَا الطَّعَامَ ذَكَرَهُ مَعَنَا، فَكُلَّ هَذَا أُحَدِّثُكُمْ عَنِ النَّبِيِّ ﷺ».,عن خارجة بن زيد بن ثابت قال: «دخل نفر علي زيد بن ثابت، فقالوا له: حدثنا احاديث رسول الله صلي الله عليه وسلم، فقال: ماذا احدثكم؟ كنت جاره فكان اذا نزل عليه الوحي بعث الي فكتبته له، فكنا اذا ذكرنا الدنيا ذكرها معنا، واذا ذكرنا الاخرة ذكرها معنا، واذا ذكرنا الطعام ذكره معنا، فكل هذا احدثكم عن النبي صلي الله عليه وسلم».,خارجة بن زيد بن ثابت قال,ضعيف,,التخريج: 328 - أخرجه البغوي والطبراني.,false
14,الشمائل المحمدية,,,,حديث,عن أنس بن مالك قال: «كَانَ رَسُولُ اللَّهِ ﷺ يَعُودُ المَرِيضَ، وَيَشْهَدُ الجَنَائِزَ، وَيَرْكَبُ الحِمَارَ، وَيُجِيبُ دَعْوَةَ العَبْدِ. وَكَانَ يَوْمَ بَنِي قُرَيْظَةَ عَلَى حِمَارٍ مَخْطُومٍ بِحَبْلٍ مِنْ لِيفٍ، عَلَيْهِ إِكَافٌ مِنْ لِيفٍ».,عن انس بن مالك قال: «كان رسول الله صلي الله عليه وسلم يعود المريض، ويشهد الجنائز، ويركب الحمار، ويجيب دعوة العبد. وكان يوم بني قريظة علي حمار مخطوم بحبل من ليف، عليه اكاف من ليف».,أنس بن مالك قال,ضعيف,,التخريج: 317 - أخرجه الترمذي وابن ماجة والحاكم.,false
15,الشمائل المحمدية,,,,حديث,عن ابن عباس أنه سمع رسول الله ﷺ يقول: «مَنْ كَانَ لَهُ فرَطَانِ مِنْ أُمَّتِي أَدْخَلَهُ اللَّهُ تَعَالَى بِهِمَا الجَنَّةَ. فَقَالَتْ لَهُ عَائِشَةُ: فَمَنْ كَانَ لَهُ فَرَطٌ مِنْ أُمَّتِكَ؟ قَالَ: وَمَنْ كَانَ لَهُ فَرَطٌ يَا مُوَفَّقَةُ. قَالَتْ: فَمَنْ لَمْ يَكُنْ لَهُ فَرَطٌ مِنْ أُمَّتِكَ؟ قَالَ: فَأَنَا فَرَطٌ لأُمَّتِي، لَنْ يُصَابُوا بِمِثْلِي».,عن ابن عباس انه سمع رسول الله صلي الله عليه وسلم يقول: «من كان له فرطان من امتي ادخله الله تعالي بهما الجنة. فقالت له عائشة: فمن كان له فرط من امتك؟ قال: ومن كان له فرط يا موفقة. قالت: فمن لم يكن له فرط من امتك؟ قال: فانا فرط لامتي، لن يصابوا بمثلي».,ابن عباس,ضعيف,,التخريج: 381 - أخرجه الترمذي وأحمد والخطيب.,false
16,لمعة الإعتقاد,,,,حديث,عن فضالة بن عبيد عن أبي الدرداء قال: قال النبي ﷺ: «رَبَّنَا اللَّهُ الَّذِي فِي السَّمَاءِ تُقَدَّسُ اسْمُكَ...» الحديث.,عن فضالة بن عبيد عن ابي الدرداء قال: قال النبي صلي الله عليه وسلم: «ربنا الله الذي في السماء تقدس اسمك...» الحديث.,فضالة بن عبيد عن أبي الدرداء قال,ضعيف,,التخريج: (30) أخرجه أبو داود والنسائي في عمل اليوم والليلة والحاكم والبيهقي والدارمي وابن قدامة.,false
17,لمعة الإعتقاد,,,,حديث,عن عمران بن حصين الخزاعي قال: قال النبي ﷺ لحصين بن عبيد الخزاعي: «اُتْرُكِ السُّنَّةَ وَاعْبُدِ الَّذِي فِي السَّمَاءِ».,عن عمران بن حصين الخزاعي قال: قال النبي صلي الله عليه وسلم لحصين بن عبيد الخزاعي: «اترك السنة واعبد الذي في السماء».,عمران بن حصين الخزاعي قال,ضعيف,,التخريج: (32) أخرجه ابن قدامة في العلو، والذهبي في العلو، وابن خزيمة في التوحيد.,false
18,لمعة الإعتقاد,,,,حديث,عن أبي هريرة أن النبي ﷺ قال: «إِنَّ أَهْلَ الْجَنَّةِ إِذَا دَخَلُوهَا فِيهَا نَزَلُوا بِفَضْلِ أَعْمَالِهِمْ ثُمَّ يُؤْذَنُ لَهُمْ فِي مِقْدَارِ يَوْمِ الْجُمُعَةِ مِنْ أَيَّامِ الدُّنْيَا فَيَزُورُونَ رَبَّهُمْ...» الحديث.,عن ابي هريرة ان النبي صلي الله عليه وسلم قال: «ان اهل الجنة اذا دخلوها فيها نزلوا بفضل اعمالهم ثم يؤذن لهم في مقدار يوم الجمعة من ايام الدنيا فيزورون ربهم...» الحديث.,أبي هريرة,ضعيف,,التخريج: (41) جزء من حديث طويل رواه الترمذي وابن ماجة.,false
19,رياض الصالحين,,,,حديث,عن ابن مسعود رضي الله عنه قال: قال رسول الله ﷺ: «لا يُبَلِّغْنِي أحَدٌ مِنْ أصْحَابِي عَنْ أحَدٍ شَيْئاً، فإنِّي أُحِبُّ أنْ أخرجَ إلَيْكُم وأَنَا سَلِيمُ الصَّدْرِ».,عن ابن مسعود رضي الله عنه قال: قال رسول الله صلي الله عليه وسلم: «لا يبلغني احد من اصحابي عن احد شيئا، فاني احب ان اخرج اليكم وانا سليم الصدر».,ابن مسعود,ضعيف,,التخريج: (1539) رواه أبو داود (4/ 265),false
20,رياض الصالحين,,,,حديث,عن أبي هريرة رضي الله عنه أن النبي ﷺ قال: «إِيَّاكُمْ والحَسَدَ، فإنَّ الحَسَدَ يَأْكُلُ الحَسَنَاتِ كَمَا تَأْكُلُ النَّارُ الحَطَبَ، أَوْ قالَ: العُشْبَ».,عن ابي هريرة رضي الله عنه ان النبي صلي الله عليه وسلم قال: «اياكم والحسد، فان الحسد ياكل الحسنات كما تاكل النار الحطب، او قال: العشب».,أبي هريرة,ضعيف,,التخريج: (1569) رواه أبو داود (4/ 276) برقم (4903).,false
21,الأدب المفرد,,,,حديث,"حدثنا مُسْلِمٌ قال: حدثنا صَدَقَةُ بنُ موسى - هو: أبو المغيرةِ السُّلَمِيُّ - قال: حدثنا مالكُ بنُ دينارٍ عن عبدِ اللهِ بنِ غالبٍ - هو: الحُدَّانِيُّ - عن أبي سعيدٍ الخدريِّ، عن النبيِّ ﷺ قال: ""خَصْلَتَانِ لا يَجْتَمِعَانِ في مُؤْمِنٍ: البُخْلُ وسُوءُ الخُلُقِ""","حدثنا مسلم قال: حدثنا صدقة بن موسي - هو: ابو المغيرة السلمي - قال: حدثنا مالك بن دينار عن عبد الله بن غالب - هو: الحداني - عن ابي سعيد الخدري، عن النبي صلي الله عليه وسلم قال: ""خصلتان لا يجتمعان في مؤمن: البخل وسوء الخلق""",,ضعيف,,التخريج: فيه صدقة بن موسى وهو ضعيف لسوء حفظه,false
22,الأدب المفرد,,,,حديث,"عن عبدِ اللهِ بنِ عمرو، أنَّ رسولَ اللهِ ﷺ كان يُكْثِرُ أن يَدْعُوَ: ""اللَّهُمَّ إني أَسْأَلُكَ الصِّحَّةَ والعِفَّةَ والأَمَانَةَ وحُسْنَ الخُلُقِ والرِّضَا بالقَدَرِ"".","عن عبد الله بن عمرو، ان رسول الله صلي الله عليه وسلم كان يكثر ان يدعو: ""اللهم اني اسالك الصحة والعفة والامانة وحسن الخلق والرضا بالقدر"".",عبد الله بن عمرو،,ضعيف,,,false
23,,,,,حديث,من صلّى على مائة صلاة حين يصلّي الصّبحَ قبل أن يتكلّمَ قضَى الله تعالَى له مائةَ حاجةٍ، يُعجِّلُ له منها ثلاثين ويدَّخِرُ له سبعين، وفي المغربِ مثلَ ذلك. قالوا : وكيف الصلاة عليك يا رسول اللّهِ ! قال : {إِنّ اللَّهَ وملائِكَته يصلّونَ علَى النّبي يَا أَيُّهَا الَذِينَ آمَنَوَا صَلُّوا عَلَيْهِ وَسَلِّمُوا تَسْلِيمًا } [الأحزاب : 56] اللَّهمَّ صلِّ على محمَّدٍ حتَّى تعدَّ مائةً,من صلي علي مائة صلاة حين يصلي الصبح قبل ان يتكلم قضي الله تعالي له مائة حاجة، يعجل له منها ثلاثين ويدخر له سبعين، وفي المغرب مثل ذلك. قالوا : وكيف الصلاة عليك يا رسول الله ! قال : {ان الله وملائكته يصلون علي النبي يا ايها الذين امنوا صلوا عليه وسلموا تسليما } [الاحزاب : 56] اللهم صل علي محمد حتي تعد مائة,,ضعيف,,,false
24,,,,,حديث,إِنَّ لِلَّهِ لَلَوْحًا أَحَدُ وَجْهَيْهِ دُرَّةٌ وَالآخَرُ يَاقُوتَةٌ قَلَمُهُ النُّورُ، فَبِهِ يَخْلُقُ وَبِهِ يَرْزُقُ وَبِهِ نحيى وَبِه نموت [وَبِه يحيى وَيَمِين] ويعز وبذل وَيَفْعَلُ مَا يَشَاءُ فِي يَوْمٍ وَلَيْلَةٍ,ان لله للوحا احد وجهيه درة والاخر ياقوتة قلمه النور، فبه يخلق وبه يرزق وبه نحيي وبه نموت [وبه يحيي ويمين] ويعز وبذل ويفعل ما يشاء في يوم وليلة,,موضوع,,التخريج: قَالَ الأَزْدِيُّ: مُحَمَّدُ بْنُ عُثْمَانَ مَتْرُوكُ الحَدِيث,false
25,السلسلة الضعيفة,,,,حديث,إختلاف امتي رحمة,اختلاف امتي رحمة,,ضعيف,,التخريج: اخرجه الالباني,false
26,كشف الخفاء,,,,حديث,اللهم إنك أخرجتني من احب البقاع الي فأسكني احب البلاد اليك,اللهم انك اخرجتني من احب البقاع الي فاسكني احب البلاد اليك,,موضوع,,,false
27,,,,,حديث,تعلموا الفرائض وعلموه فإنه نصف العلم وهو ينسى وهو اول علم يُنزع من امتي,تعلموا الفرائض وعلموه فانه نصف العلم وهو ينسي وهو اول علم ينزع من امتي,,ضعيف,,,false
28,الكشف-و ضعيف الجامع,,,,حديث,الجزاء من جنس العمل,الجزاء من جنس العمل,,ضعيف,,,false
29,,,,,حديث,الجنة تحت اقدام الأمهات,الجنة تحت اقدام الامهات,,ضعيف,,ملاحظات: ويغني عنه حديث صحيح بلفظ (الزمها، فإن الجنة تحت اقدامها),false
30,الموضوعات,,,,حديث,حب الوطن من الإيمان,حب الوطن من الايمان,,موضوع,,,false
31,الكشف,,,,حديث,خير الزاد التقوى,خير الزاد التقوي,,ضعيف,,,false
32,الموضوعات,,,,حديث,الخير في وفي امتي الى يوم القيامة,الخير في وفي امتي الي يوم القيامة,,ضعيف,,,false
33,ضعيف الجامع,,,,حديث,الدعاء سلاح المؤمن,الدعاء سلاح المؤمن,,ضعيف,,,false
34,كشف الخفاء-ضعيف الجامع,,,,حديث,الدعاء يرد البلاء,الدعاء يرد البلاء,,ضعيف,,,false
35,ضعيف الجامع,,,,حديث,رحم الله من قال خيرًا او صمت,رحم الله من قال خيرا او صمت,,موضوع,,,false
36,كشف الخفاء-ضعيف الجامع,,,,حديث,رجب شهر الله وشعبان شهري ورمضان شهر أُمّتي,رجب شهر الله وشعبان شهري ورمضان شهر امتي,,موضوع,,,false
37,المقاصد الحسنة- ضعيف الجامع- الميزان,,,,حديث,الزنا يورث الفقر,الزنا يورث الفقر,,ضعيف,,,false
38,,,,,حديث,روحوا القلوب ساعة وساعة,روحوا القلوب ساعة وساعة,,ضعيف,,ملاحظات: ويشهد له حديث في صحيح مسلم (ياحنظلة ساعة وساعة),false
39,كشف الخفاء للعجلوني,,,,حديث,شاوروهن وخالفوهن,شاوروهن وخالفوهن,,ضعيف,,,false
40,كشف الخفاء-ضعيف الجامع,,,,حديث,كما تدين تدان,كما تدين تدان,,ضعيف,,,false
41,كشف الخفاء,,,,حديث,لعن الله الكاذب ولو كان مازحًا,لعن الله الكاذب ولو كان مازحا,,ضعيف,,,false
42,كشف الخفاء,,,,حديث,لكل مجتهد نصيب,لكل مجتهد نصيب,,موضوع,,,false
43,كشف الخفاء,,,,حديث,قيلوا فإن الشياطين لاتقيل,قيلوا فان الشياطين لاتقيل,,موضوع,,,false
44,المقاصد الحسنة- وكشف الخفاء,,,,حديث,القناعة مال لاينفد وكنز لايفنى,القناعة مال لاينفد وكنز لايفني,,ضعيف,,,false
45,المقاصد الحسنة,,,,حديث,لكل مقام مقال ولكل زمان رِجال,لكل مقام مقال ولكل زمان رجال,,موضوع,,,false
46,كشف الخفاء,,,,حديث,المعدة بيت الداء والحمية راس الدواء,المعدة بيت الداء والحمية راس الدواء,,موضوع,,,false
47,كشف الخفاء,,,,حديث,النسيان طبع الإنسَان,النسيان طبع الانسان,,موضوع,,,false
48,ضعيف الجامع- تدريب الراوي,,,,حديث,نية المؤمن خير من عمله,نية المؤمن خير من عمله,,ضعيف,,,false
49,الفوائد المجموعة,,,,حديث,لاتتمارضوا فتمرضوا ولاتحفروا قبُوركَم فتَموتوا,لاتتمارضوا فتمرضوا ولاتحفروا قبوركم فتموتوا,,ضعيف,,,false
50,كشف الخفاء - ضعيف الجامع,,,,حديث,لايسأل بوجه الله إلا الجنة,لايسال بوجه الله الا الجنة,,ضعيف,,,false
51,ضعيف الجامع,,,,حديث,زينوا مجالسكم بالصلاة علي فإن صلاتكم علي نور لكم يوم القيامة,زينوا مجالسكم بالصلاة علي فان صلاتكم علي نور لكم يوم القيامة,,,,ملاحظات: في الأصل ذُكر في خانة الحكم: (ضعيف الجامع),false
52,كشف الخفاء,,,,حديث,لعن الله الكاذب ولو كان مازحا,لعن الله الكاذب ولو كان مازحا,,موضوع,,,false
53,السلسلة الضعيفة,,,,حديث,اختلاف امتي رحمة,اختلاف امتي رحمة,,ضعيف,,,false
54,السلسلة الضعيفة,,,,حديث,احترسوا من الناس بسوء الظن,احترسوا من الناس بسوء الظن,,ضعيف,,,false
55,السلسلة الضعيفة,,,,حديث,اطلبوا العلم ولو بالصين,اطلبوا العلم ولو بالصين,,ضعيف,,,false
56,كشف الخفاء,,,,حديث,الاقربون اولى بالمعروف,الاقربون اولي بالمعروف,,موضوع,,,false
57,ضعيف الجامع,,,,حديث,خيركن ايسركن صداقا,خيركن ايسركن صداقا,,ضعيف,,,false
58,الكشف,,,,حديث,خير الزاد التقوى,خير الزاد التقوي,,ضعيف,,,false
59,الكشف,,,,حديث,خير الاسماء ما حمد وما عبد,خير الاسماء ما حمد وما عبد,,موضوع,,,false
60,ضعيف الترمذي للألباني,,,,حديث,الحكمة ضالة المؤمن,الحكمة ضالة المؤمن,,ضعيف,,,false
60,الموضوعات,ابن الجوزي,,باب مناقب علي بن أبي طالب - إباحة إتيان المسجد جنباً,حديث,إنه لا يحل لأحد أن يجنب في هذا المسجد غيري وغيرك,انه لا يحل لاحد ان يجنب في هذا المسجد غيري وغيرك,علي بن أبي طالب / أبا سعيد الخدري (على التلبيس في الإسناد),لا صحة له (ضعيف جداً / موضوع),ابن الجوزي,ضعفه ابن الجوزي لوجود عطية العوفي (وكان يدلس في شيوخه فيروي عن الكلبي ويكنيه أبا سعيد ليُظن أنه الخدري)، وكثير النوا. تنبيه: تعقب الهامش كلام ابن الجوزي بأن يحيى بن معين وثق عطية في رواية.,false
61,الموضوعات,ابن الجوزي,,باب مناقب علي بن أبي طالب - قصة البطيخ وأخذ المحبة على الشجر والثمر,حديث,كنا يوماً مع علي بن أبي طالب رضي الله عنه في السوق فرأى بطيخاً حل درهماً ثم دفعه إلى بلال وقال: اذهب به فاشتر به بطيخاً، فمضى ومضينا معه إلى منزله، وأتى بلال بالبطيخ فأخذ علي منه واحدة فقورها ثم ذاقها فإذا مرة فقال: يا بلال خذ البطيخ فرده وائتنا بالدرهم، وأقبل حتى أحدثك عن رسول الله صلى الله عليه وسلم بحديث. فلما رجع بلال قال: يا بلال إن حبيبي رسول الله صلى الله عليه وسلم قال لي ويده على منكبي: يا أبا الحسن إن الله قد أخذ محبتك على البشر والشجر والثمر والمدر، فمن أجاب إلى محبتك كان عذباً حلوًا، ومن لم يجب كان ملحاً جافياً ومرًا.,كنا يوما مع علي بن ابي طالب رضي الله عنه في السوق فراي بطيخا فحل درهما ثم دفعه الي بلال وقال اذهب به فاشتر به بطيخا فمضى ومضينا معه الي منزله واتى بلال بالبطيخ فاخذ علي منه واحدة فقورها ثم ذاقها فاذا مرة فقال يا بلال خذ البطيخ فرده وائتنا بالدرهم واقبل حتى احدثك عن رسول الله صلي الله عليه وسلم بحديث فلمارجع بلال قال يا بلال ان حبيبي رسول الله صلي الله عليه وسلم قال لي ويده علي منكبي يا ابا الحسن ان الله قد اخذ محبتك علي البشر والشجر والثمر والمدر فمن اجاب الي محبتك كان عذبا حلوا ومن لم يجب كان ملحا جافيا ومرا,انس بن مالك,موضوع (باطل مكذوب),ابن الجوزي,حديث الحديث السادس عشر في أخذ محبته على البشر والشجر، وهو حديث باطل تركيباً ومتناً، ورجاله بين ضعيف ومتروك وضاع.,false
62,الموضوعات,ابن الجوزي,,كتاب الهدايا والصلات - باب الشركاء في الهداية,حديث,أُهْدِيَ لِرَسُولِ اللَّه صَلَّى اللَّهُ عَلَيْهِ وَسَلَّمَ هَدِيَّةٌ وَعِنْدَهُ أَرْبَعَةُ نَفَرٍ مِنْ أَصْحَابِهِ، فَقَالَ لِجُلَسَائِهِ: أَنْتُمْ شُرَكائِي فِيهَا، إِنَّ الْهَدِيَّةَ إِذَا أُهْدِيَتْ إِلَى رَجُلٍ وَعِنْدَهُ جُلَسَاؤُهُ فَهُمْ شُرَكاؤُهُ فِيهَا.,اهدي لرسول الله صلي الله عليه وسلم هدية وعنده اربعة نفر من اصحابه، فقال لجلسائه: انتم شركائي فيها، ان الهداية اذا اهديت الي رجل وعنده جلساؤه فهم شركاؤه فيها.,عبد الله بن عباس / عائشة أم المؤمنين,لا يصح (موضوع / باطل),ابن الجوزي / العقيلي,ضعفه ابن الجوزي ونقل قول العقيلي بأنه لا يصح في هذا الباب شيء. علله: طريقة الأول فيه يحيى الحماني (قال أحمد: كان يكذب جهاراً) ومندل (ضعيف)، وطريقه الثاني فيه عبد السلام (قال ابن حبان: يروي الموضوعات)، وأما حديث عائشة ففيه وضّاح ولا يتابع عليه.,false
63,الموضوعات,ابن الجوزي,,أبواب جرح الرواة والأحاديث الموضوعة,حديث,[الحديث المروي من طريق الأشناني عن يحيى بن معين],هذا حديث لا يصح عن رسول الله صلي الله عليه وسلم وهذا الاشناني هو محمد بن عبد الله بن ابراهيم بن ثابت وانما دلسه سعيد بن احمد,غير مذكور صراحة في المقطع (مروي عن يحيى بن معين),لا يصح (موضوع / باطل),ابن الجوزي / الدارقطني / الخطيب البغدادي,ضعفه ابن الجوزي وبيّن تدليس سعيد بن أحمد للراوي. آفة الحديث هو محمد بن عبدالله بن إبراهيم بن ثابت (الأشناني)؛ قال عنه الدارقطني: «كذاب دجال»، وقال الخطيب البغدادي: «كان يضع الحديث وضعاً فاحشاً».,true
64,الموضوعات,ابن الجوزي,,كتاب النوم - باب ذم كثرة النوم,حديث,قالت أم سليمان بن داود النبي صلى الله عليه وسلم لسليمان بن داود: يا بني لا تكثر النوم بالليل فإن كثرة النوم تدع الرجل فقيرًا يوم القيامة.,قالت ام سليمان بن داود النبي صلي الله عليه وسلم لسليمان بن داود: يا بني لا تكثر النوم بالليل فان كثرة النوم تدع الرجل فقيرا يوم القيامة.,جابر بن عبد الله,لا يصح (منكر / ضعيف جداً),ابن الجوزي / الدارقطني / ابن حماد,ضعفه ابن الجوزي لوجود يوسف بن محمد بن المنكدر في إسناده؛ لا يتابع على حديثه. قال الدارقطني: «يوسف ضعيف»، وقال ابن حماد: «متروك».,false
65,الموضوعات,ابن الجوزي,,كتاب النوم - باب نوم الصبحة,حديث,الصبحة تمنع الرزق.,الصبحة تمنع الرزق,عثمان بن عفان,لا يصح (موضوع / باطل),ابن الجوزي / أحمد بن حنبل / يحيى بن معين / الدارقطني,ضعفه ابن الجوزي لعلة ابن أبي فروة (واسمه إسحاق). قال الإمام أحمد: «لا تحل عندي الرواية عنه»، وقال يحيى بن معين: «ليس بشيء»، وقال الدارقطني: «متروك».,false
66,الموضوعات,ابن الجوزي,,كتاب النوم - باب النوم بعد العصر,حديث,من نام بعد العصر ففقد عقله فلا يلومن إلا نفسه.,من نام بعد العصر ففقد عقله فلا يلومن الا نفسه,عائشة أم المؤمنين / عبد الله بن عباس,لا يصح (ضعيف جداً / موضوع),ابن الجوزي / ابن حبان,تم إكمال النص والتخريج بحسب موضع الحديث في كتاب الموضوعات لإكمال السند المقتطع. الحديث مدار طرقه على رواة ضعفاء ومتروكين (منهم ابن لهيعة والشرقي بن قطامي / خالد بن القاسم).,false
67,الموضوعات,ابن الجوزي,,كتاب الهدايا - باب الهداية أمام الحاجة,حديث,ما أحسن الهدية أمام الحاجة.,ما احسن الهدية امام الحاجة,أنس بن مالك,باطل (لا يصح),ابن الجوزي / الدارقطني / أحمد بن حنبل,ضعفه ابن الجوزي ونقل قول الدارقطني: «هو باطل عن مالك لا يصح عنه». وفي طرقه الموقري (وهو ضعيف)، ورواية عباد عن سليمان بن أرقم (وهو متروك).,false
68,الموضوعات,ابن الجوزي,,كتاب الهدايا - باب الهداية أمام الحاجة,حديث,نعم مفتاح الحاجة الهدية بين يديها.,نعم مفتاح الحاجة الهدية بين يديها,عائشة أم المؤمنين,لا يصح (موضوع / باطل),ابن الجوزي / الدارقطني,ضعفه ابن الجوزي لكونه تابعاً لباب الأحاديث التي لا تصح في إهداء الهدية لقضاء الحوائج، وفي إسناده عمرو بن خالد الأعشى وسفيان بن عقبة.,false
69,الموضوعات,ابن الجوزي,,كتاب العلم - باب كسب المعلمين,حديث,[مرّ رسول الله صلى الله عليه وسلم] بمركاس المعلم فقال: إياك وحطب الصبيان وخبز الرقاق، وإياك والشرط على كتاب الله.,مركاس المعلم فقال إياك وحطب الصبيان وخبز الرقاق وإياك والشرط على كتاب الله,غير مذكور في القطعة (مداره على نهشل),لا يصح (موضوع / باطل),ابن الجوزي / إسحاق بن راهويه / النسائي,ضعفه ابن الجوزي لوجود نهشل بن سعيد في إسناده. نقل عن إسحاق بن راهويه أنه كذاب، وعن النسائي أنه متروك الحديث.,false
70,الموضوعات,ابن الجوزي,,كتاب العلم - باب أجر المعلمين والمؤذنين والأئمة,حديث,ألا أحدثكم عن أجر ثلاثة؟ فقيل: من هم يا رسول الله؟ قال: أجر المعلمين والمؤذنين والأئمة حرام.,الا احدثكم عن اجر ثلاثة فقيل من هم يا رسول الله قال اجر المعلمين والمؤذنين والأئمة حرام,أنس بن مالك,موضوع (باطل مكذوب),ابن الجوزي / يحيى بن معين / النسائي,ضعفه ابن الجوزي وبيّن علله: الحضرمي ومحمد بن حسان مجاهيل لا يعرفون، وزياد (ابن أبي زياد) قال يحيى بن معين فيه: «ليس بشيء»، وقال النسائي: «متروك».,false
71,الموضوعات,ابن الجوزي,,كتاب العلم - باب النهي عن التعليم والأذان بالأجرة,حديث,نهى رسول الله صلى الله عليه وسلم عن التعليم والأذان بالأجرة، فمن فعل ذلك فعليه لعنة الله والملائكة والناس أجمعين.,نهى رسول الله صلى الله عليه وسلم عن التعليم والأذان بالأجرة فمن فعل ذلك فعليه لعنة الله والملائكة والناس أجمعين,عبد الله بن عمر,لا يصح (موضوع / باطل),ابن الجوزي / الدارقطني,ضعفه ابن الجوزي، ونقل عن الدارقطني قوله: «صالح بن بيان والفرات بن السائب متروكان».,false
72,الموضوعات,ابن الجوزي,,كتاب العلم - باب كسب المعلمين,حديث,سألت رسول الله صلى الله عليه وسلم عن كسب المعلمين، فقال: إن أحق ما أُخذ عليه الأجر كتاب الله.,سألت رسول الله صلى الله عليه وسلم عن كسب المعلمين فقال إن أحق ما أخذ عليه الأجر كتاب الله,عائشة أم المؤمنين,منكر بهذا اللفظ والإسناد,ابن الجوزي / ابن عدي,ضعفه ابن الجوزي ونقل قول ابن عدي: «لعمر (عمر بن المحرم البصري) أحاديث مناكير، وثابت (الحفار) لا يعرف، والحديث منكر». تنبيه: أصل متن «إن أحق ما أخذتم عليه أجراً كتاب الله» ثابت في صحيح البخاري من حديث ابن عباس، لكن المضعّف هنا هو هذا الإسناد الخاص بعائشة ولفظ «كسب المعلمين».,false
73,الموضوعات,ابن الجوزي,,كتاب الصيام - باب في الجرح والتعليل,حديث,[الحديث المروي من طريق إبراهيم بن عبد الله],هذا حديث لا يصح قال الدارقطني إبراهيم بن عبد الله ليس بثقة حدث عن قوم ثقاة بأحاديث باطلة منها هذا الحديث وهو باطل والأسناد كلهم ثقاة,غير مذكور صراحة في المقطع (مروي من طريق إبراهيم بن عبد الله),لا يصح (باطل / موضوع),ابن الجوزي / الدارقطني,ضعفه ابن الجوزي ونقل قول الدارقطني: «إبراهيم بن عبد الله ليس بثقة حدث عن قوم ثقاة بأحاديث باطلة منها هذا الحديث، وهو باطل والإسناد كلهم ثقاة».,true
74,الموضوعات,ابن الجوزي,,كتاب الصيام - باب سلامة العام بسلامة رمضان,حديث,إذا سلمت الجمعة سلمت الأيام، وإذا سلم رمضان سلمت السنة.,إذا سلمت الجمعة سلمت الأيام وإذا سلم رمضان سلمت السنة,عائشة أم المؤمنين,لا يصح (موضوع / باطل),ابن الجوزي / يحيى بن معين / محمد بن عبد الله بن نمير,تفرد به عبد العزيز بن أبان. قال يحيى بن معين فيه: «هو ليس بشيء، هو كذاب يضع الحديث»، وقال ابن نمير: «هو كذاب».,false
75,الموضوعات,ابن الجوزي,,كتاب الصيام - باب الإفطار على التمر,حديث,من أفطر على تمرة من حلال زيد في صلاته أربعمائة صلاة.,من أفطر على تمرة من حلال زيد في صلاته أربعمائة صلاة,أنس بن مالك,لا يصح (موضوع / مكذوب),ابن الجوزي / ابن حبان,ضعفه ابن الجوزي لعلة موسى الطويل. قال ابن حبان: «موسى يروي عن أنس أشياء موضوعة كان يضعها أو وضعت له، لا يحل كتب حديثه إلا تعجباً».,false
76,الموضوعات,ابن الجوزي,,كتاب الصيام - باب سواك الصائم,حديث,سألت أنس بن مالك: أيستاك الصائم؟ قال: نعم. قلت: برطب السواك ويابسه؟ قال: نعم. قلت: في أول النهار وآخره؟ قال: نعم. قلت له: عن من؟ قال: عن رسول الله صلى الله عليه وسلم.,سألت أنس بن مالك أيستاك الصائم قال نعم قلت برطب السواك ويابسه قال نعم قلت في أول النهار وآخره قال نعم قلت له عن من قال عن رسول الله صلى الله عليه وسلم,أنس بن مالك,لا أصل له (موضوع / باطل),ابن الجوزي / ابن حبان,ضعفه ابن الجوزي لوجود إبراهيم بن بيطار الخوارزمي في إسناده. ونقل قول ابن حبان: «لا أصل لهذا الحديث من حديث رسول الله صلى الله عليه وسلم».,false
77,الموضوعات,ابن الجوزي,,كتاب السفر - باب أن المسافر شهيد,حديث,المسافر شهيد.,المسافر شهيد,جابر بن عبد الله,لا يصح (موضوع / باطل),ابن الجوزي / العقيلي / ابن عدي,ضعفه ابن الجوزي لعلة عبد الله بن محمد بن المغيرة (قال العقيلي: يحدث بما لا اصل له) وأحمد بن محمد البصري (قال ابن عدي: كذبوه وأنكرت عليه أشياء).,false
78,الموضوعات,ابن الجوزي,,كتاب السفر - باب أن المسافر شهيد (موت الغريب),حديث,موت الغريب شهادة.,موت الغريب شهادة,عبد الله بن عباس,لا يصح (ضعيف جداً / موضوع),ابن الجوزي / ابن عدي / الأزدي / الدارقطني,ضعفه ابن الجوزي لعلة إبراهيم بن بكر (قال ابن عدي: كان يسرق الحديث، وقال الأزدي: تركوه) وعبد الله بن أيوب (قال الدارقطني: متروك).,false
79,الموضوعات,ابن الجوزي,,كتاب السفر - باب في المراكب,حديث,شر الحمير الأسود القصير.,شر الحمير الاسود القصير,عبد الله بن عمر,لا يصح (موضوع / باطل),ابن الجوزي / العقيلي / المحدثون,ضعفه ابن الجوزي لوجود مبشر بن عبيد في إسناده (وهو كذاب متروك يضع الحديث) وبقية بن الوليد (مدلس).,false
80,الموضوعات,ابن الجوزي,,كتاب البيوع - باب التاجر فاجر,حديث,أنه دخل سوق المدينة فقال: ألا إن التاجر فاجر، ألا إن التاجر فاجر.,انه دخل سوق المدينة فقال ألا إن التاجر فاجر ألا إن التاجر فاجر,أنس بن مالك,لا يصح (منكر / ضعيف جداً),ابن الجوزي / البخاري / أبو حاتم الرازي / النسائي / ابن حبان,ضعفه ابن الجوزي لوجود أبي سحيم (المبارك بن سحيم) في إسناده. قال البخاري وأبو حاتم: «منكر الحديث»، وقال النسائي: «متروك»، وقال ابن حبان: «لا يجوز الاحتجاج به». تنبيه: أصل لفظ «التجار هم الفجار» ثابت من طرق أخرى عن رفاعة بن رافع برواية التذييل والتثبت «إلا من اتقى وبر وصدق».,false
81,الموضوعات,ابن الجوزي,,كتاب البيوع - باب اختلاف الرزق في السعي,حديث,خلق الله الأرزاق قبل الأجساد بألفي عام فبسطها بين السماء والأرض فضربتها الرياح فوقعت في المشارق والمغارب، فمنه ما وقع رزقه في ألفي موضع، ومنه ما وقع رزقه في ألف موضع، ومنه ما وقع رزقه على باب داره يغدو إليه ويروح حتى يأتيه أجله.,خلق الله الأرزاق قبل الأجساد بألفي عام فبسطها بين السماء والأرض فضربتها الرياح فوقعت في المشارق والمغارب فمنه ما وقع رزقه في ألفي موضع ومنه ما وقع رزقه في ألف موضع ومنه ما وقع رزقه على باب داره يغدو إليه ويروح حتى يأتيه أجله,أنس بن مالك,لا يصح (موضوع / باطل),ابن الجوزي / البيهقي / الحاكم,ضعفه ابن الجوزي وعلله بوجود ضعفاء ومجاهيل في السند (منهم زيد بن الحسين الصائغ وعلي بن عبد الفراوي).,false
82,الموضوعات,ابن الجوزي,,كتاب البيوع - باب ذكر سبب الغلاء والرخص,حديث,غلا السعر على عهد رسول الله صلى الله عليه وسلم فقالوا: يا رسول الله تسعر لنا؟ فقال: إن الله هو المسعر القابض الباسط الرازق، وإني لأرجو أن ألقى الله ولا يطلبني أحد بمظلمة في دم ولا مال.,غلا السعر على عهد رسول الله صلى الله عليه وسلم فقالوا يا رسول الله تسعر لنا فقال إن الله هو المسعر القابض الباسط الرازق وإني لأرجو أن ألقى الله ولا يطلبني أحد بمظلمة في دم ولا مال,علي بن أبي طالب / أنس بن مالك,لا يصح بهذا الإسناد (معلول من طريق علي),ابن الجوزي / الدارقطني,ضعّف ابن الجوزي حديث علي بوجود أحمد بن عيسى الخواص ورواة ضعفاء في هذا الطريق. تنبيه: أصل متن الحديث («إن الله هو المسعر...») صحيح وثابت في السنن من حديث أنس بن مالك وأبي هريرة، وإنما الحكم هنا على طريق علي بن أبي طالب المذكورة في الباب.,false
83,الموضوعات,ابن الجوزي,,كتاب مدح السخاء والكرم - باب حب الله عز وجل السخاء,حديث,مررت برسول الله صلى الله عليه وسلم فجبذ عمامتي بيده فالتفت إليه فقال: يا زبير إن باب الرزق مفتوح من لدن العرش إلى قرار بطن الأرض فيرزق الله كل عبد على قدر همته، يا زبير إن الله يحب السخاء ولو بفلق تمرة ويحب الشجاعة ولو بقتل الحية والعقرب.,مررت برسول الله صلى الله عليه وسلم فجبذ عمامتي بيده فالتفت إليه فقال يا زبير إن باب الرزق مفتوح من لدن العرش إلى قرار بطن الأرض فيرزق الله كل عبد على قدر همته يا زبير إن الله يحب السخاء ولو بفلق تمرة ويحب الشجاعة ولو بقتل الحية والعقرب,الزبير بن العوام (عن أسماء بنت أبي بكر),لا يصح (موضوع / باطل),ابن الجوزي / ابن عدي / ابن حبان,ضعفه ابن الجوزي لعلة عبد الله بن محمد بن يحيى بن عروة. قال ابن عدي: «له أحاديث لا يتابعه عليها الثقات»، وقال ابن حبان: «يروي الموضوعات عن الأثبات لا يحل كتب حديثه».,false
84,الموضوعات,ابن الجوزي,,كتاب مدح السخاء والكرم - باب وضع السخاء في طبع المؤمن,حديث,ما جبل ولي الله إلا على السخاء وحسن الخلق.,ما جبل ولي الله إلا على السخاء وحسن الخلق,عائشة أم المؤمنين,لا يصح (موضوع / لا يثبت),ابن الجوزي / أبو زرعة / النسائي / نعيم بن حماد / ابن حبان / الدارقطني,ضعفه ابن الجوزي لعلة يوسف بن السفر (أبو الفيض). قال أبو زرعة والنسائي: «متروك الحديث»، وقال نعيم: «ليس بشيء»، وقال ابن حبان: «لا يحل الاحتجاج به بحال»، وقال الدارقطني: «متروك يكذب والحديث لا يثبت».,false
85,الموضوعات,ابن الجوزي,,كتاب الآداب والحديث في الحذر من القول,حديث,إن البلاء موكل بالقول، ما قال عبد لشيء: لا والله لا أفعله أبدًا إلا ترك الشيطان كل عمله وولع بذلك حتى تؤثمه.,إن البلاء موكل بالقول ما قال عبد لشيء لا والله لا أفعله أبدا إلا ترك الشيطان كل عمله وولع بذلك حتى تؤثمه,أبو الدرداء,لا يصح (موضوع / مكذوب),ابن الجوزي / يحيى بن معين / الجوزجاني (السعدي) / ابن حبان,تفرد به عبد الملك بن هارون بن عنترة. قال يحيى بن معين والسعدي فيه: «هو كذاب»، وقال ابن حبان: «يضع الحديث لا يحل ذكره في الكتب». تنبيه: أصل جملة «البلاء موكل بالقول» تروى مرفوعة بأسانيد أخرى ضعيفة، وتُروى أثراً عن إبراهيم النخعي وغيره من السلف.,false
86,الموضوعات,ابن الجوزي,,كتاب الملاحم والفتن - باب بيع الدين بالمال,حديث,لا تذهب الأيام والليالي حتى يقوم القائم فيقول من يبيعنا دينه بكف من دراهم.,لا تذهب الأيام والليالي حتى يقوم القائم فيقول من يبيعنا دينه بكف من دراهم,أنس بن مالك,لا يصح (موضوع / مكذوب),ابن الجوزي / يحيى بن معين,ضعفه ابن الجوزي وعلله بزياد بن المنذر (أبي الجارود). قال يحيى بن معين فيه: «هو كذاب عدو الله لا يساوي فلساً».,false
87,الموضوعات,ابن الجوزي,,كتاب الملاحم والفتن - باب من علامات الساعة,حديث,من أشراط الساعة أن يركب المنظور، ويلبس المشهور، ويبنى المسدور، ويصير الناس إخوان العلانية أعداء السريرة.,من أشراط الساعة أن يركب المنظور ويلبس المشهور ويبنى المسدور ويصير الناس إخوان العلانية أعداء السريرة,عبد الله بن عمر,لا يصح (موضوع / باطل),ابن الجوزي / العقيلي / يحيى بن معين / النسائي / الدارقطني,ضعفه ابن الجوزي لعلة كذابين في السند: الأول أبو مهدي (سعيد بن سنان) قال العقيلي: «لا يعرف هذا الحديث إلا به ولا يتابع عليه»، وقال يحيى: «أحاديثه بواطيل»، وقال النسائي: «متروك». والثاني مسلمة بن علي الفهري قال يحيى: «ليس بشيء»، وقال النسائي والدارقطني: «متروك».,false
88,الموضوعات,ابن الجوزي,,كتاب فعل المعروف - باب محل الصنيعة,حديث,لا تصلح الصنيعة إلا عند ذي حسب ودين، كما أن الرياضة لا تصلح إلا في نجيب.,لا تصلح الصنيعة إلا عند ذي حسب ودين كما أن الرياضة لا تصلح إلا في نجيب,عائشة أم المؤمنين,لا يصح (موضوع / مكذوب),ابن الجوزي / النسائي / ابن عدي / ابن حبان / العقيلي,ضعفه ابن الجوزي لعلة يحيى بن هاشم السمسار. قال النسائي: «متروك الحديث»، وقال ابن عدي: «كان يضع الحديث ويسرق»، وقال ابن حبان: «كان يضع الحديث على الثقات»، وقال العقيلي: «لا يصح في هذا الباب شيء».,false
89,الموضوعات,ابن الجوزي,,كتاب فعل المعروف - باب ثواب خدمة الناس,حديث,إذا كان يوم القيامة نادى مناد على رؤوس الأولين والآخرين: من كان خادمًا للمسلمين في دار الدنيا فليقم وليفض على الصراط غير خائف، وادخلوا الجنة أنتم ومن شئتم من المؤمنين، وليس عليكم حساب ولا عذاب. وقال صلى الله عليه وسلم: الخادم في الدنيا هو سيد القوم في الآخرة.,إذا كان يوم القيامة نادى مناد على رؤوس الأولين والآخرين من كان خادما للمسلمين في دار الدنيا فليقم وليفض على الصراط غير خائف وادخلوا الجنة أنتم ومن شئتم من المؤمنين وليس عليكم حساب ولا عذاب وقال صلى الله عليه وسلم الخادم في الدنيا هو سيد القوم في الآخرة,أنس بن مالك,موضوع (مكذوب),ابن الجوزي / أبو نعيم الأصبهاني,ضعفه ابن الجوزي لعلة أحمد بن عبدالله الفاريابي. ونقل قول أبي نعيم: «هذا مما تفرد الفاريابي بوضعه، وكان وضاعاً مشهوراً بالوضع». تنبيه: أصل جملة «سيد القوم خادمهم» المروية في أبواب أخرى تروى بأسانيد ضعيفة، أما هذا التكثير والتركيب فهو موضوع.,false
90,الموضوعات,ابن الجوزي,,كتاب الجهاد - باب في تقلد السيف,حديث,لا تزال الملائكة تصلي على العاري ما دام حمائل سيفه في عنقه.,لا تزال الملائكة تصلي على العاري ما دام حمائل سيفه في عنقه,أنس بن مالك,لا يصح (موضوع / مكذوب),ابن الجوزي / ابن حبان,ضعفه ابن الجوزي لعلة يحيى بن عنبسة القرشي. قال ابن حبان فيه: «هو دجال يضع الحديث».,false
91,الموضوعات,ابن الجوزي,,كتاب الجهاد - باب التقلد بالسيف وفضل الصلاة به,حديث,صلاة الرجل متقلدًا سيفه تفضل على صلاة غير متقلد سبعمائة ضعف. وسمعت رسول الله صلى الله عليه وسلم يقول: إن الله تعالى يباهي بالمتقلد سيفه في سبيل الله ملائكته، وهم يصلون عليه ما دام متقلده.,صلاة الرجل متقلدا سيفه تفضل على صلاة غير متقلد سبعمائة ضعف وسمعت رسول الله صلى الله عليه وسلم يقول إن الله تعالى يباهي بالمتقلد سيفه في سبيل الله ملائكته وهم يصلون عليه ما دام متقلده,علي بن أبي طالب,لا يصح (ضعيف جداً / متروك),ابن الجوزي / يحيى بن معين / الدارقطني,ضعفه ابن الجوزي لعلة ضرار بن عمرو. قال يحيى بن معين: «ضرار بن عمرو ليس بشيء ولا يكتب حديثه»، وقال الدارقطني: «ذاهب متروك».,false
92,الموضوعات,ابن الجوزي,,كتاب الجهاد - باب الألوية,حديث,إن الله أكرم أمتي بالألوية.,إن الله أكرم أمتي بالألوية,أنس بن مالك,لا يصح (مجهول / لا أصل له),ابن الجوزي / العقيلي,ضعفه ابن الجوزي ونقل قول العقيلي: «خالد بن كلاب مجهول وحديثه غير محفوظ لا أصل له».,false
93,الموضوعات,ابن الجوزي,,كتاب المرضى والعلل - باب ثواب أهل البلاء,حديث,ليودن أهل العافية يوم القيامة أن جلودهم قرضت بالمقاريض مما يرون من ثواب أهل البلاء.,ليودن أهل العافية يوم القيامة أن جلودهم قرضت بالمقاريض مما يرون من ثواب أهل البلاء,جابر بن عبد الله,لا يصح بهذا الإسناد,ابن الجوزي / علي بن المديني,ضعفه ابن الجوزي وعلله بعبد الرحمن بن مغراء. قال علي بن المديني فيه: «ليس بشيء». تنبيه: أصل متن هذا الحديث ثابت في سنن الترمذي بإسناد حسن عن جابر بلفظ مقارب، إلا أن الحكم هنا مخصص بهذا الإسناد المعين الذي أورده المصنف.,false
94,الموضوعات,ابن الجوزي,,كتاب المرضى والعلل - باب ثواب من مرض ليلة,حديث,من مرض ليلة فقبلها بقبولها، وأدى الحق الذي يلزمه فيها، كتب له عبادة أربعين سنة، وما زاد فعلى قدر ذلك.,من مرض ليلة فقبلها بقبولها وأدى الحق الذي يلزمه فيها كتب له عبادة أربعين سنة وما زاد فعلى قدر ذلك,أبو هريرة,لا يصح (موضوع / باطل),ابن الجوزي / يحيى بن معين / النسائي,ضعفه ابن الجوزي لعلة عيسى بن ميمون الخواص. قال يحيى بن معين: «ليس حديثه بشيء»، وقال النسائي: «متروك الحديث».,false
95,الموضوعات,ابن الجوزي,,كتاب المرضى والعلل - باب ثواب من ذهب بصره,حديث,من أذهب الله بصره في الدنيا كان حقًا على الله واجبًا أن لا ترى عيناه نار جهنم.,من أذهب الله بصره في الدنيا كان حقا على الله واجبا أن لا ترى عيناه نار جهنم,عبد الله بن عمر,لا يصح (موضوع / مكذوب),ابن الجوزي / الدارقطني / أبو عروبة الحراني,تفرد به وهب بن حفص (أبو الوليد) عن جعفر بن عون. قال الدارقطني: «تفرد به وهب بن حفص»، وقال أبو عروبة: «وهب كذاب يضع الحديث، يكذب كذبًا فاحشًا».,false
96,الموضوعات,ابن الجوزي,,كتاب النكاح - باب النهي عن تعليم النساء الكتابة,حديث,لا تسكنوهن الغرف ولا تعلموهن الكتابة وعلموهن المغزل وسورة النور.,لا تسكنوهن الغرف ولا تعلموهن الكتابة وعلموهن المغزل وسورة النور,عائشة أم المؤمنين,لا يصح (موضوع / مكذوب),ابن الجوزي / ابن حبان / الحاكم (تعقبه ابن الجوزي لتصحيحه إياه),ضعفه ابن الجوزي وعلله بوجود محمد بن إبراهيم الشامي. قال ابن حبان فيه: «كان يضع الحديث على الشاميين لا تحل الرواية عنه إلا عند الاعتبار، روى أحاديث لا أصول لها من كلام رسول الله صلى الله عليه وسلم لا يحل الاحتجاج به». وتعجب ابن الجوزي من إيراد الحاكم له في المستدرك.,false
97,الموضوعات,ابن الجوزي,,كتاب النكاح - باب المكر في النكاح,حديث,لا يصلح المكر والخديعة إلا في النكاح.,لا يصلح المكر والخديعة إلا في النكاح,عائشة أم المؤمنين,لا يصح (موضوع / مكذوب),ابن الجوزي / يحيى بن معين / أبو حاتم الرازي / ابن حبان,ضعفه ابن الجوزي لعلة علي بن عروة. قال يحيى بن معين فيه: «ليس بشيء»، وقال أبو حاتم الرازي: «متروك الحديث»، وقال ابن حبان: «يضع الحديث».,false
98,الموضوعات,ابن الجوزي,,كتاب النكاح - باب ثواب التقبييل والوطء,حديث,إن الرجل إذا قبل امرأته كتب الله له بها حسنة ومحا عنه بها سيئة، وإذا أخذ بضبعيها كتب الله له عشر حسنات ومحا عنه عشر سيئات، وإذا جامعها كتب الله له بحسنة وجعل له بكل شهوة كتب بها حسنة كوزن جبل أحد.,إن الرجل إذا قبل امرأته كتب الله له بها حسنة ومحا عنه بها سيئة وإذا أخذ بضبعيها كتب الله له عشر حسنات ومحا عنه عشر سيئات وإذا جامعها كتب الله له بحسنة وجعل له بكل شهوة كتب بها حسنة كوزن جبل أحد,عائشة أم المؤمنين / عبد الله بن عمر,لا يصح (موضوع / مكذوب),ابن الجوزي / الدارقطني,تم استكمال المتن والتخريج بحسب نفس الموضع في كتاب الموضوعات لاستكمال الإسناد المقتطع في آخره. والحديث مدار أسانيده على رواة كذابين ومتروكين (منهم عمر بن شبيب وأبو الفضل الموصلي).,false
99,الموضوعات,ابن الجوزي,,كتاب العلم / الآداب - باب المشي حافياً,حديث,[الأحاديث المروية في الحث على المشي حافياً من حديث ابن عباس وجعفر بن نسطور وغيرهما],واما حديث ابن عباس فالطريقان من عمل سليمان بن عيسى واما حديث ابن نسطور فباطل واعلم ان هذه الأحاديث من الموضوعات التي تتنزه الشريعة عن مثلها فإن المشي حافيا تؤذي العين والقدم,عبد الله بن عباس / جعفر بن نسطور,باطل (موضوع),ابن الجوزي / الجوزجاني (السعدي) / ابن عدي,ضعفه ابن الجوزي وبيّن أن طرق حديث ابن عباس من عمل سليمان بن عيسى (قال السعدي: كذاب مصرح، وقال ابن عدي: يضع الحديث). وأما حديث ابن نسطور فباطل ورجاله مجاهيل لا يعرفون. وعلق ابن الجوزي: «هذه الأحاديث من الموضوعات التي تتنزه الشريعة عن مثلها، فإن المشي حافياً تؤذي العين والقدم ولا يمكن معه توقي النجاسات».,true
100,الموضوعات,ابن الجوزي,,كتاب العلم - باب تعلم العلم في الصبا,حديث,من تعلم العلم وهو شاب كان بمنزلة وسم في حجر، ومن تعلمه بعد ما كبر فهو بمنزلة كتاب على ظهر الماء.,من تعلم العلم وهو شاب كان بمنزلة وسم في حجر ومن تعلمه بعد ما كبر فهو بمنزلة كتاب على ظهر الماء,أبو هريرة,لا يصح (موضوع / باطل),ابن الجوزي,ضعفه ابن الجوزي لعلة هناد بن إبراهيم النسفي (قال: لا يوثق به) وبقية بن الوليد (مدلس يروي عن الضعفاء، وأصحابه يسوون حديثه ويحذفون الضعفاء منه). تنبيه: المعنى المشهور «العلم في الصغر كالنقش على الحجر» هو من كلام الحكماء والعلماء والأمثال السائرة وليس حديثاً نبوياً مرفوعاً.,false
101,الموضوعات,ابن الجوزي,,كتاب الأيمان والنذور - باب تكفير كذب الحالف إذا وحد,حديث,قال رسول الله صلى الله عليه وسلم لرجل: يا فلان فعلت كذا وكذا؟ قال: لا والله الذي لا إله إلا هو ما فعلته، والنبي صلى الله عليه وسلم يعلم أنه فعله، فقال رسول الله صلى الله عليه وسلم: كَفَّرَ الله كذبك بتصديقك بلا إله إلا هو.,يا فلان فعلت كذا وكذا قال لا والله الذي لا إله إلا هو ما فعلته والنبي صلى الله عليه وسلم يعلم أنه فعله فقال رسول الله صلى الله عليه وسلم كفر الله كذبك بتصديقك بلا إله إلا هو,أنس بن مالك,لا يصح (ضعيف جداً / مضطرب),ابن الجوزي / أحمد بن حنبل / يحيى بن معين,ضعفه ابن الجوزي لعلة الحارث بن عبيد (أبي قدامة). قال الإمام أحمد فيه: «أبو قدامة مضطرب الحديث»، وقال يحيى بن معين: «ليس بشيء».,false
102,الموضوعات,ابن الجوزي,,كتاب الأيمان والنذور - باب النذور (النذر بنحر النفس),حديث,جاءت امرأة من اليمن ومعها ابن لها فسألت رسول الله صلى الله عليه وسلم فقالت: إن ابني هذا يريد الجهاد وأنا أمنعه. فقال رجل آخر: يا رسول الله إني نذرت أن أنحر نفسي. قال: فشغل رسول الله صلى الله عليه وسلم بالامرأة وابنها. قال: فجاءه وقد خلع ثيابه لينحر نفسه، فقال رسول الله صلى الله عليه وسلم: الحمد لله الذي جعل في أمتي من يوفي بالنذر ويخاف يوماً كان شره مستطيراً.,جاءت امرأة من اليمن ومعها ابن لها فسألت رسول الله صلى الله عليه وسلم فقالت إن ابني هذا يريد الجهاد وأنا أمنعه فقال رجل آخر يا رسول الله إني نذرت أن أنحر نفسي فشغل رسول الله صلى الله عليه وسلم بالامرأة وابنها فجاءه وقد خلع ثيابه لينحر نفسه فقال رسول الله صلى الله عليه وسلم الحمد لله الذي جعل في أمتي من يوفي بالنذر ويخاف يوما كان شره مستطيرا,عبد الله بن عباس,لا يصح (موضوع / باطل),ابن الجوزي / أحمد بن حنبل / يحيى بن معين,ضعفه ابن الجوزي وبيّن اجتماع جماعة ضعفاء وكذابين في إسناده يكفي أحدهم لرد الحديث: جبارة بن المغلس (قال أحمد: أحاديثه موضوعة أو كذب)، ومندل بن علي (ضعيف)، ورشدين بن كريب (قال أحمد: منكر الحديث، وقال يحيى بن معين: ليس بشيء).,false
103,الموضوعات,ابن الجوزي,,كتاب النكاح - باب اتخاذ السراري,حديث,اتخذوا السراري فإنهن مباركات الأرحام وإنهن أنجب أولادًا. ثم قال أبو الدرداء: يا لها من زوجة مرغوب عنها.,اتخذوا السراري فإنهن مباركات الأرحام وإنهن أنجب أولادا ثم قال أبو الدرداء يا لها من زوجة مرغوب عنها,أبو الدرداء,لا يصح (موضوع / باطل),ابن الجوزي / النسائي / ابن حبان / الدارقطني / العقيلي,ضعفه ابن الجوزي لعلة حفص بن عمر الأيلي. قال النسائي فيه: «ليس بثقة»، وقال ابن حبان: «كان يقلب الأسانيد»، وقال الدارقطني: «متروك»، ونقل قول العقيلي: «لا يصح في السراري عن رسول الله صلى الله عليه وسلم شيء».,false
104,الموضوعات,ابن الجوزي,,كتاب النكاح - باب تزوج المرأة بالفاسق,حديث,من زوج كريمته من فاسق فقد قطع رحمها.,من زوج كريمته من فاسق فقد قطع رحمها,أنس بن مالك (مرفوعاً),ليس من كلام رسول الله صلى الله عليه وسلم (موضوع رفعه / موقوف مقطوع),ابن الجوزي / ابن حبان,ضعفه ابن الجوزي لعلة الحسن بن محمد البلخي. قال ابن حبان: «الحسن بن محمد يروي الأشياء الموضوعة، وإنما هذا من كلام الشعبي ورفعه إلى النبي صلى الله عليه وسلم باطل».,false
105,الموضوعات,ابن الجوزي,,كتاب النكاح - باب الدعاء لقباح النساء بالرزق,حديث,أن رسول الله صلى الله عليه وسلم دعا لقباح أمته بالرزق.,أن رسول الله صلى الله عليه وسلم دعا لقباح أمته بالرزق,عبد الله بن عمرو بن العاص,لا يصح (موضوع / باطل),ابن الجوزي / العقيلي,ضعفه ابن الجوزي لوجود موسى بن إبراهيم بن محمد المروزي في إسناده (وهو راوٍ ضعيف يروي المناكير والأباطيل عن الثقات).,false
106,الموضوعات,ابن الجوزي,,كتاب العلم - باب التفقّه قبل التعبّد,حديث,المتعبد بغير فقه كالحمار في الطاحونة.,المتعبد بغير فقه كالحمار في الطاحونة,واثلة بن الأسقع,لا يصح (موضوع / مكذوب),ابن الجوزي / ابن حبان,ضعفه ابن الجوزي وعلله بمحمد بن إبراهيم الشامي. قال ابن حبان فيه: «كان يضع الحديث لا يحل الاحتجاج به». تنبيه: المعنى المشهور كأثر عن السلف ثبت عن الحسن البصري وغيره: «العامل على غير علم كالمستهم على غير طريق».,false
107,الموضوعات,ابن الجوزي,,كتاب العلم - باب ذم تحاسد الفقهاء,حديث,يأتي على أمتي زمان تحسد الفقهاء بعضهم بعضًا، ويغار بعضهم على بعض كتغاير التيس بعضهم على بعض.,يأتي على أمتي زمان تحسد الفقهاء بعضهم بعضا ويغار بعضهم على بعض كتغاير التيس بعضهم على بعض,عبد الله بن عمر,لا يصح (موضوع / مكذوب),ابن الجوزي,ضعفه ابن الجوزي وعلله بإسحاق بن إبراهيم (المروزي / الكوفي). قال المصنف: «إسحاق بن إبراهيم متهم بوضع الحديث».,false
108,الموضوعات,ابن الجوزي,,كتاب العلم - باب ذم تغشي السلاطين من العلماء,حديث,[العلماء أمناء الرسل على عباد الله ما لم يخالطوا السلطان...],باب ذم تغشي السلاطين من العلماء أنبأنا زاهر بن طاهر قال أنبأنا أبو بكر البيهقي قال أنبأنا أبو عبد الله محمد بن عبد الله الحاكم قال حدثنا محمد بن يعقوب قال حدثنا محمد بن الحجاج ابن عيسى,أنس بن مالك,لا يصح (موضوع / باطل),ابن الجوزي / الحاكم / البيهقي,تم وضع علامة المراجعة انقطاع متن الحديث وسنده في المقتطع المرفق عند «قال رسول الله صلى الله عليه وسلم:». والحديث مدار طرقه المذكورة في الباب على محمد بن الحجاج بن عيسى وهو كذاب وضاع.,true
109,الموضوعات,ابن الجوزي,,كتاب الصلاة - باب الصلاة في النعل,حديث,إذا قمتم إلى الصلاة فانتعلوا.,إذا قمتم إلى الصلاة فانتعلوا,معاذ بن جبل,لا يصح (موضوع / لا أصل له),ابن الجوزي / ابن عدي,ضعفه ابن الجوزي لعلة المتهم بوضعه محمد بن الحجاج اللخمي. قال ابن الجوزي: «له أحاديث كثيرة موضوعة لا أصل لها».,false
110,الموضوعات,ابن الجوزي,,كتاب الصلاة - باب الصلاة في النعل (خذوا زينة الصلاة),حديث,أنه قال ذات يوم: خذوا زينة الصلاة، قالوا: يا رسول الله وما زينة الصلاة؟ قال: البسوا نعالكم وصلوا فيها.,أنه قال ذات يوم خذوا زينة الصلاة قالوا يا رسول الله وما زينة الصلاة قال البسوا نعالكم وصلوا فيها,أبو هريرة / جابر بن عبد الله,لا يصح (من كلام أهل الكذب / موضوع),ابن الجوزي / أحمد بن حنبل,روي عن أبي هريرة ورواه محمد بن الفضل عن عطاء عن جابر. قال الإمام أحمد بن حنبل فيه: «محمد بن الفضل ليس بشيء حديثه حديث أهل الكذب».,false
111,الموضوعات,ابن الجوزي,,كتاب الصلاة - باب الصلاة في النعل (تفسير خذوا زينتكم),حديث,إن كان قاله {خذوا زينتكم عند كل مسجد} قال: صلوا في نعالكم.,إن كان قاله خذوا زينتكم عند كل مسجد قال صلوا في نعالكم,أنس بن مالك,لا يصح (موضوع / مكذوب),ابن الجوزي / أحمد بن حنبل / البخاري,ضعفه ابن الجوزي وبيّن أنه لا يعرف إلا بعباد بن جويرية ولا يتابع عليه. قال فيه الإمام أحمد والإمام البخاري: «هو كذاب». تنبيه: أصل جواز الصلاة بالنعلين الطاهرتين ثابت في الصحيحين بفعل النبي صلى الله عليه وسلم وأمره المخالفة لليهود، ولكن الحكم هنا مخصص بهذه الألفاظ المرفوعة الموضوعة والتفاسير المعينة التي أوردها المصنف.,false
112,الموضوعات,ابن الجوزي,,كتاب التوبة والزهد - باب في جرح الرواة,حديث,[الحديث المروي من طريق أبي عبد الرحمن السلمي عن جده إسماعيل بن نجيد عن أبي عبد الله محمد بن إبراهيم العبدي عن سليم],هذا الحديث أبو عبد الرحمن السلمي عن جده إسماعيل بن نجيد عن أبي عبد الله محمد بن إبراهيم العبدي عن سليم وهؤلاء لا تقوم بهم حجة,غير مذكور صراحة في المقتطع (مروي عن سليم),لا تقوم به حجة (ضعيف جداً / معلول),ابن الجوزي,ضعفه ابن الجوزي وعلله بسلسلة الرواة المذكورة في المقتطع: أبو عبد الرحمن السلمي وإسماعيل بن نجيد ومحمد بن إبراهيم العبدي وسليم، وعقب بقوله: «وهؤلاء لا تقوم بهم حجة».,true
113,الموضوعات,ابن الجوزي,,كتاب التوبة والزهد - باب الإقرار على النفس بالذنب,حديث,إن الله تعالى وملائكته يترحمون على المقرين على أنفسهم بالذنوب.,إن الله تعالى وملائكته يترحمون على المقرين على أنفسهم بالذنوب,أبو هريرة,لا يصح (موضوع / مكذوب),ابن الجوزي / ابن عدي / ابن حبان,ضعفه ابن الجوزي لعلة بشر بن إبراهيم. قال ابن عدي: «له أحاديث بواطيل وهو عندي ممن يضع الحديث على الثقات»، وقال ابن حبان: «كان يضع الحديث على الثقات».,false
114,الموضوعات,ابن الجوزي,,كتاب التوبة والزهد - باب العود بعد التوبة,حديث,إذا قال العبد أستغفر الله وأتوب إليه ثم عاد ثم قالها ثم عاد ثم قالها ثم عاد، كتبه الله في الرابعة من الكذابين.,إذا قال العبد أستغفر الله وأتوب إليه ثم عاد ثم قالها ثم عاد ثم قالها ثم عاد كتبه الله في الرابعة من الكذابين,أبو هريرة,لا يصح (موضوع / مكذوب),ابن الجوزي / يحيى بن معين,ضعفه ابن الجوزي لعلة الفضل بن عيسى الرقاشي. قال ابن الجوزي: «الفضل كذاب»، وقال يحيى بن معين: «كان رجل سوء». تنبيه: هذا الحديث يخالف الأحاديث الصحيحة الثابتة في فضل التوبة ولو تكرر الذنب، كحديث «أذنب عبد ذنباً فقال أي رب أذنبت ذنباً فاغفره... علِم عبدي أن له رباً يغفر الذنب ويأخذ به، قد غفرت لعبدي فليعمل ما شاء».,false
115,الموضوعات,ابن الجوزي,,كتاب التوبة والزهد - باب علامات الشقاء,حديث,[من علامات الشقاء جُمُودُ الْعَيْنِ وَقَسْوَةُ الْقَلْبِ وَحِرْصُ الدُّنْيَا...],باب علامات الشقاء أنبأنا محمد بن ناصر أنبأنا المبارك بن عبد الجبار أنبأنا أبو طالب العشاري,أنس بن مالك / غيره (بحسب إتمام السند من نفس الموضع),لا يصح (موضوع / ضعيف جداً),ابن الجوزي / العتيقي / ابن عدي,تم وضع علامة المراجعة لانقطاع متن الحديث وسنده في المقتطع المرفق بعد «أنبأنا أبو طالب العشاري». والحديث المذكور في هذا الباب مروي من أسانيد واهية ومتهمة بالوضع.,true
116,الموضوعات,ابن الجوزي,11,كتاب المناقب - باب مناقب أبي بكر الصديق (منبر إبراهيم وكرسي أبي بكر),حديث,إذا كان يوم القيامة نصب لإبراهيم منبر أمام العرش ونصب لأبي بكر كرسي فيجلس عليه فينادى مناد يا لك من صديق بين خليل وحبيب.,إذا كان يوم القيامة نصب لإبراهيم منبر أمام العرش ونصب لأبي بكر كرسي فيجلس عليه فينادى مناد يا لك من صديق بين خليل وحبيب,غير مذكور في المقتطع (مروي عن أبي عبد الله الضرير والحليمي),لا يصح (موضوع / باطل),ابن الجوزي,ضعفه ابن الجوزي وعلله بأبي عبد الله الضرير (قال: قدم بغداد ومعه كتب طرية غير أصول وكان مكفوفاً فلعله أدخله في حديثه)، والحليمي لا يُعرف.,false
117,الموضوعات,ابن الجوزي,12,كتاب المناقب - باب مناقب أبي بكر الصديق (عرج بي إلى السماء),حديث,عرج بي إلى السماء فما مررت بسماء إلا وجدت فيها اسمي محمد رسول الله وأبو بكر الصديق خلفي.,عرج بي إلى السماء فما مررت بسماء إلا وجدت فيها اسمي محمد رسول الله وأبو بكر الصديق خلفي,أبو هريرة,لا يصح (موضوع / مكذوب),ابن الجوزي / ابن حبان,ضعفه ابن الجوزي لعلة عبد الله بن إبراهيم الغفاري (قال ابن حبان: يضع الأحاديث)، وعبد الرحمن بن زيد بن أسلم (اتفقوا على تضعيفه).,false
118,الموضوعات,ابن الجوزي,13,كتاب المناقب - باب مناقب أبي بكر الصديق (لا ينبغي لقوم فيهم أبو بكر أن تؤمهم غيره),حديث,لا ينبغي لقوم فيهم أبو بكر يؤمهم غيره.,لا ينبغي لقوم فيهم أبو بكر يؤمهم غيره,عائشة أم المؤمنين,موضوع (مكذوب على رسول الله),ابن الجوزي / البخاري / ابن حبان / يحيى بن معين,ضعفه ابن الجوزي وبيّن أنه موضوع لعلة عيسى بن ميمون (قال البخاري: منكر الحديث، وقال ابن حبان: لا يحتج بروايات) وأحمد بن بشير (قال يحيى بن معين: هو متروك).,false
119,الموضوعات,ابن الجوزي,,كتاب المرضى والعلل - باب فضل الزكام وتسكيانه الجذام,حديث,قالت: قال رسول الله صلى الله عليه وسلم: ما من أحد إلا في رأسه عرق من الجذام ينفر، فإذا هاج سلط عليه الزكام.,ما من أحد إلا في رأسه عرق من الجذام ينفر فإذا هاج سلط عليه الزكام,عائشة أم المؤمنين,لا يصح (موضوع / مكذوب),ابن الجوزي / ابن حبان,ضعفه ابن الجوزي لعلة محمد بن يونس الكديمي (كان كذاباً). قال ابن حبان فيه: «كان يضع الحديث عن الثقات».,false
120,الموضوعات,ابن الجوزي,,كتاب المرضى والعلل - باب فضل الزكام وتسكيانه الجذام (طريق آخر),حديث,ما من آدمي إلا وفيه عرق من الجذام، فإذا تحرك ذلك العرق سلط عليه الزكام يسكنه.,ما من آدمي إلا وفيه عرق من الجذام فإذا تحرك ذلك العرق سلط عليه الزكام يسكنه,جرير بن عبد الله البجلي,موضوع بلا شك,ابن الجوزي / أبو سعيد النقاش,قال النقاش فيه: «هذا حديث موضوع لا شك وضعه يحيى بن محمد أو محمد بن بشر».,false
121,الموضوعات,ابن الجوزي,,كتاب المرضى والعلل - باب متى يعاد المريض,حديث,لا يعاد المريض إلا بعد ثلاث.,لا يعاد المريض إلا بعد ثلاث,أبو هريرة,لا يصح (موضوع / ضعيف جداً),ابن الجوزي / النسائي / ابن حبان / مسلم بن الحجاج,ضعفه ابن الجوزي لعلة روح بن عطيف (قال النسائي: متروك الحديث، وقال ابن حبان: يروي الموضوعات عن الثقات)، ونصر بن حماد الوراق (قال مسلم: ذاهب الحديث، وقال النسائي: ليس بثقة).,false
122,الموضوعات,ابن الجوزي,,كتاب الحج - باب ثواب من مات بين الحرمين,حديث,من مات بين الحرمين حاجاً أو معتمراً بعثه الله بلا حساب عليه ولا عذاب.,من مات بين الحرمين حاجا أو معتمرا بعثه الله بلا حساب عليه ولا عذاب,عبد الله بن عمر,لا يصح (موضوع / باطل),ابن الجوزي / البخاري / يحيى بن معين / النسائي,ضعفه ابن الجوزي لعلة عبد الله بن نافع (النعيري الصائغ). قال البخاري فيه: «منكر الحديث»، وقال يحيى بن معين: «ليس بشيء»، وقال النسائي: «متروك الحديث».,false
123,الموضوعات,ابن الجوزي,,كتاب الحج - باب ثواب من يحج عن غيره,حديث,يدخل بالحجة الواحدة ثلاثة نفر الجنة: الميت، والحاج عنه، والمنفذ له.,يدخل بالحجة الواحدة ثلاثة نفر الجنة الميت والحاج عنه والمنفذ له,جابر بن عبد الله,لا يصح (موضوع / مكذوب),ابن الجوزي / ابن عدي,ضعفه ابن الجوزي والمتهم بوضعه إسحاق بن بشر الكاهلي أبو حذيفة؛ قال المصنف: «وهو في عداد من يضع الحديث».,false
124,الموضوعات,ابن الجوزي,,كتاب الحج - باب في مثل من حج عن غيره,حديث,مثل الذي يحج عن غيره كمثل أمتين، إن لم تعتق إحداهما أعتقت الأخرى.,مثل الذي يحج عن غيره كمثل أمتين إن لم تعتق إحداهما أعتقت الأخرى,معاذ بن جبل,لا يصح (موضوع / ضعيف جداً),ابن الجوزي / ابن عدي,تم استكمال المتن والتخريج بحسب نفس الموضع في كتاب الموضوعات لاستكمال السند المقتطع في آخره. والحديث فيه سليمان بن أيوب الحمصي وسرقات للأسانيد.,false
125,الموضوعات,ابن الجوزي,,كتاب الطب - باب شرب الدواء,حديث,كان رسول الله صلى الله عليه وسلم يكتحل كل ليلة ويحتجم كل شهر ويشرب الدواء كل سنة.,كان رسول الله صلى الله عليه وسلم يكتحل كل ليلة ويحتجم كل شهر ويشرب الدواء كل سنة,عائشة أم المؤمنين,لا يصح (موضوع / مكذوب),ابن الجوزي / أحمد بن حنبل,ضعفه ابن الجوزي لعلة سيف بن محمد بن أخت سفيان الثوري. قال الإمام أحمد بن حنبل فيه: «كان يضع الحديث».,false
126,الموضوعات,ابن الجوزي,,كتاب الطب - باب الحمى والاغتسال للمحموم,حديث,النيران ثلاثة: نار تأكل وتشرب، ونار تأكل ولا تشرب، ونار تشرب ولا تأكل؛ فأما النار التي تشرب وتأكل فجهنم، وأما النار التي تأكل ولا تشرب فنار الدنيا، وأما النار التي تشرب ولا تأكل فالحمى، فإذا وجد أحدكم فليقم إلى بئر فليستق منها، وليصب عليه، وليقل: اللهم اشف عبدك وصدق رسولك، يفعل ذلك ثلاث غدوات فإن ذهبت وإلا يفعل سبع غدوات فإنها ستذهب إن شاء الله.,النيران ثلاثة نار تأكل وتشرب ونار تأكل ولا تشرب ونار تشرب ولا تأكل فأما النار التي تشرب وتأكل فجهنم وأما النار التي تأكل ولا تشرب فنار الدنيا وأما النار التي تشرب ولا تأكل فالحمى,ثوبان مولى رسول الله,لا يصح (موضوع / فيه مجاهيل وضعفاء),ابن الجوزي / يحيى بن معين,ضعفه ابن الجوزي وعلله بوجود مجاهيل وضعفاء في الإسناد؛ منهم سلمة بن رجاء. قال يحيى بن معين فيه: «ليس بشيء». تنبيه: أصل إبراد الحمى بالماء ثابت في الصحيحين من حديث ابن عمر وغيره بلفظ: «الحمى من فيح جهنم فأبردوها بالماء»، ولكن هذا التفصيل المذكور في هذا الإسناد موضوع.,false
127,الموضوعات,ابن الجوزي,,كتاب الميراث - باب توريث المسلم من الكافر,حديث,عن معاذ بن جبل أنه كان يورث المسلم عن الكافر ولا يورث الكافر من المسلم ويقول: سمعت رسول الله صلى الله عليه وسلم يقول: الإسلام يزيد ولا ينقص.,الإسلام يزيد ولا ينقص كان يورث المسلم عن الكافر ولا يورث الكافر من المسلم,معاذ بن جبل,باطل (موضوع),ابن الجوزي / ابن حبان,ضعفه ابن الجوزي والمتهم بوضعه محمد بن المهاجر. قال ابن حبان فيه: «كان يضع الحديث، وقد رواه فغير إسناده ولفظه». تنبيه: الجملة الشهيرة «الإسلام يعلو ولا يُعلى عليه» ثابتة كأثر حسنه العلماء من طريق آخر، لكن التركيب المرفوع هنا بهذا الإسناد باطل.,false
128,الموضوعات,ابن الجوزي,,كتاب الميراث - باب إثبات الولاء لمن أسلم على يده كافر,حديث,من أسلم على يدي رجل فله ولاؤه.,من أسلم على يدي رجل فله ولاؤه,أبو أمامة الباهلي,لا يصح (موضوع / متروك),ابن الجوزي / شعبة / البخاري / النسائي / الدارقطني / ابن حبان,ضعفه ابن الجوزي لعلة جعفر بن الزبير (قال شعبة: كان يكذب، وقال البخاري والنسائي والدارقطني: متروك) والقاسم بن عبد الرحمن (قال ابن حبان: كان يروي عن الصحابة المعضلات). ورواه معاوية بن يحيى الصدفي عن القاسم وهو ليس بشيء.,false
129,الموضوعات,ابن الجوزي,,كتاب الميراث - باب ميراث الخنثى,حديث,الخنثى ترث من قبل ماله.,الخنثى ترث من قبل ماله,عبد الله بن عباس,لا يصح (موضوع / اجتمع فيه كذابون),ابن الجوزي / ابن عدي,ضعفه ابن الجوزي وبيّن اجتماع عدة كذابين في إسناده: أبو صالح، والكلبي، وسليمان بن عمرو النخعي. قال ابن عدي: «والبلاء فيه من الكلبي». تنبيه: الحكم الفقهي في توريث الخنثى ثابت ومستقر عند الفقهاء من أدلة وأقضية أخرى (كالتبرز أو البول)، ولكن مرفوع هذا الحديث موضوع.,false
130,الموضوعات,ابن الجوزي,,كتاب المناقب - باب ما روي في ذم معاوية بن أبي سفيان (إذا رأيتم معاوية على منبري فاقتلوه),حديث,إذا رأيتم معاوية على منبري فاقتلوه.,إذا رأيتم معاوية على منبري فاقتلوه فقال كذب عمرو هذا حديث موضوع لا يصح عن رسول الله صلى الله عليه وسلم,عبد الله بن مسعود / أبو سعيد الخدري / الحسن البصري,موضوع (باطل لا يصح),ابن الجوزي / العقيلي / يحيى بن معين / النسائي / ابن حبان,بيّن ابن الجوزي بطلان الحديث ووضعه من جميع طرقه: 1- طريق ابن مسعود فيه عباد بن يعقوب (رافضي يروي المناكير) والحكم بن ظهير (كذاب متروك). 2- طريق أبي سعيد الأول فيه مجالد بن سعيد والوليد بن القاسم وهما ضعيفان، والطريق الثاني فيه علي بن زيد بن جدعان (ضعيف اختلط وساء حفظه). 3- طريق الحسن فيه عمرو بن عبيد (كذاب متروك). ونقل قول العقيلي: «لا يصح في هذا المتن عن رسول الله صلى الله عليه وسلم شيء يثبت». ثم عقب المصنف ببيان محاولات بعض الرواة تحريف اللفظ أو تأويله لتبرئة الموقف.,false
131,الموضوعات,ابن الجوزي,,كتاب الحج - باب تيسير الحج لمن رضي الله عنه,حديث,لا ييسر لعبده -يعني الحج- إلا بالرضى، فإذا رضي عنه أطلق له الحج.,لا ييسر لعبده يعني الحج إلا بالرضى فإذا رضي عنه أطلق له الحج,غير مذكور في المقتطع (مروي من طريق سعيد بن عبد الرحمن),لا يصح (موضوع / باطل),ابن الجوزي / ابن حبان,ضعفه ابن الجوزي وعلله بسعيد بن عبد الرحمن. ونقل قول ابن حبان فيه: «يروي عن الثقات الموضوعات يتخيل من سمعها أنه المتعمد لها».,false
132,الموضوعات,ابن الجوزي,,كتاب الحج - باب في الدعاء عشية عرفة,حديث,ما من عبد ولا أمة دعا الله ليلة عرفات بهذه الدعوات -وهي عشر كلمات- ألف مرة، إلا لم يسأل الله شيئًا إلا أعطاه إياه، إلا قطيعة رحم أو مأثم: سبحان الذي في السماء عرشه، سبحان الذي في الأرض موطأه، سبحان الذي في البحر سبيله، سبحان الذي في السماء سلطانه، سبحان الذي في الجنة رحمته، سبحان الذي في القبور قضاؤه، سبحان الذي في الهواء روحه، سبحان الذي رفع السماء، سبحان الذي وضع الأرض، سبحان الذي لا منجا ولا ملجأ منه إلا إليه.,ما من عبد ولا أمة دعا الله ليلة عرفات بهذه الدعوات وهي عشر كلمات ألف مرة إلا لم يسأل الله شيئا إلا أعطاه إياه سبحان الذي في السماء عرشه سبحان الذي في الأرض موطأه,عبد الله بن مسعود,لا يصح (موضوع / غير محفوظ),ابن الجوزي / العقيلي / يحيى بن معين,ضعفه ابن الجوزي لعلة عزرة بن قيس (أو عزرة بن ثابت). قال العقيلي: «عزرة لا يتابع على حديثه»، والحديث مدار أسانيده على مجاهيل وضفاء منهم أم الفيض الخادمة ومحمد بن رميثة.,false
133,الموضوعات,ابن الجوزي,,كتاب الحج - باب في الدعاء عشية عرفة,حديث,ما من عبد ولا أمة دعا الله ليلة عرفات بهذه الدعوات -وهي عشر كلمات- ألف مرة، إلا لم يسأل الله شيئًا إلا أعطاه إياه، إلا قطيعة رحم أو مأثم: سبحان الذي في السماء عرشه، سبحان الذي في الأرض موطأه، سبحان الذي في البحر سبيله، سبحان الذي في السماء سلطانه، سبحان الذي في الجنة رحمته، سبحان الذي في القبور قضاؤه، سبحان الذي في الهواء روحه، سبحان الذي رفع السماء، سبحان الذي وضع الأرض، سبحان الذي لا منجا ولا ملجأ منه إلا إليه.,ما من عبد ولا أمة دعا الله ليلة عرفات بهذه الدعوات وهي عشر كلمات ألف مرة إلا لم يسأل الله شيئا إلا أعطاه إياه سبحان الذي في السماء عرشه سبحان الذي في الأرض موطأه,عبد الله بن مسعود,لا يصح (موضوع / غير محفوظ),ابن الجوزي / العقيلي / يحيى بن معين,ضعفه ابن الجوزي لعلة عزرة بن قيس (أو عزرة بن ثابت). قال العقيلي: «عزرة لا يتابع على حديثه»، والحديث مدار أسانيده على مجاهيل وضفاء منهم أم الفيض الخادمة ومحمد بن رميثة.,false
134,الموضوعات,ابن الجوزي,,كتاب العلم والزهد - باب زيادة الخير والفضل كل يوم,حديث,إذا أتى علي يوم لم أزدد فيه خيراً يقربني إلى ربي فلا بورك لي في ذلك اليوم.,إذا أتى علي يوم لم أزدد فيه خيرا يقربني إلى ربي فلا بورك في ذلك اليوم,عائشة أم المؤمنين,لا يصح (موضوع / مكذوب),ابن الجوزي / ابن عدي / أبو حاتم الرازي / ابن حبان,ضعفه ابن الجوزي لعلة الحكم بن عبد الله بن سعد الأيلي (قال أبو حاتم الرازي: كذاب، وقال ابن حبان: يروي الموضوعات عن الثقات)، وسليمان بن يسار البصري (قال ابن حبان: يضع على الأثبات ما لا يحصى كثرة لا يجوز الاحتجاج به).,false
135,الموضوعات,ابن الجوزي,,كتاب التفكر - باب ثواب الفكر,حديث,[تفكر ساعة خير من عبادة سنة / ستين سنة...],باب ثواب الفكر أنبأنا ظفر بن علي أنبأنا أبو بكر محمد بن علي أنبأنا محمد بن أحمد بن عبد الرحيم,غير مذكور في المقتطع (مروي بأسانيد ضعيفة وموضوعة من طرق),لا يصح (موضوع / معلول),ابن الجوزي,تم وضع علامة المراجعة لانقطاع النص والسند في آخره عند «أنبأنا محمد بن أحمد بن عبد الرحيم». والحديث المذكور في هذا الباب من الأحاديث الموضوعة الشائعة على الألسنة.,true
136,الموضوعات,ابن الجوزي,,كتاب الدعاء - باب الدعاء على من لم يشكر النعمة,حديث,من أنعم على عبد نعمة فلم يشكره فدعا عليه استجيب له.,من أنعم على عبد نعمة فلم يشكره فدعا عليه استجيب له,عبد الله بن عباس,لا يصح (موضوع / غير محفوظ),ابن الجوزي / الدارقطني / يحيى بن معين / العقيلي,ضعفه ابن الجوزي وبيّن بطلانه من طريقين: 1- الطريق الأول فيه جعفر بن عبد الواحد (قال الدارقطني: كذاب يضع الحديث). 2- الطريق الثاني فيه نصر بن قديد بن سيار (قال يحيى بن معين: كذاب)، وأبو عمرو بن حميد وعبد الحميد بن أنس مجاهيل، وقال العقيلي: «الحديث غير محفوظ».,false
137,الموضوعات,ابن الجوزي,,كتاب الدعاء - باب لا يقبل الله دعاء حبيب على حبيبه,حديث,سألت الله عز وجل أن لا يستجيب دعاء حبيب على حبيبه.,سألت الله عز وجل أن لا يستجيب دعاء حبيب على حبيبه,عبد الله بن عمر,لا يصح (منكر / موضوع),ابن الجوزي / الدارقطني,ضعفه ابن الجوزي وعلله بوجود نكارة وإدخال في أسانيده. ونقل نقد الدارقطني للنقاش وبيّن الخلل في نسب أبي غالب راويه. وقد انقطع التعليل في آخره عند الحديث عن أبي غالب.,true
138,الموضوعات,ابن الجوزي,,كتاب الإيمان - باب في جرح غنيم وعثمان,حديث,[الحديث المروي من طريق غنيم وعثمان بن مقسم البري],هذا حديث لا يصح قال ابن حبان غنيم لا يحتج به روى العجائب قال وعثمان يضع الحديث على الثقات لا يحل كتب حديثه إلا اعتبارا,غير مذكور صراحة في المقتطع (مروي عن غنيم وعثمان),لا يصح (موضوع / باطل),ابن الجوزي / ابن حبان,ضعفه ابن الجوزي وعلله بـ «غنيم» (قال ابن حبان: لا يحتج به روى العجائب) و«عثمان بن مقسم البري» (قال ابن حبان: يضع الحديث على الثقات لا يحل كتب حديثه إلا اعتبارا).,true
139,الموضوعات,ابن الجوزي,,كتاب الإيمان - باب علامةكمال الإيمان,حديث,لا يكمل عبد الإيمان حتى يكون فيه خمس خصال: التوكل على الله، والتفويض إلى الله، والتسليم لأمر الله، والرضا بقضاء الله، والصبر على بلاء الله، إنه من أحب لله وأبغض لله وأعطى لله، فقد استكمل الإيمان.,لا يكمل عبد الإيمان حتى يكون فيه خمس خصال التوكل على الله والتفويض إلى الله والتسليم لأمر الله والرضا بقضاء الله والصبر على بلاء الله إنه من أحب لله وأبغض لله وأعطى لله فقد استكمل الإيمان,عبد الله بن عمر,باطل بهذ الإسناد (موضوع / تركيب أسانيد),ابن الجوزي / الخطيب البغدادي,قال الخطيب البغدادي: «هذا حديث باطل بهذا الإسناد، وابن المعتز لم يكن قد ولد في وقت عفان فضلاً عن أن يكون سمع منه، وأراه من صنعت زيد بن رفاعة فإنه كان يضع الحديث».,false
140,الموضوعات,ابن الجوزي,,كتاب الإيمان - باب لا يضر مع الإيمان عمل,حديث,كما لا ينفع مع الشرك شيء كذلك لا يضر مع الإيمان شيء.,كما لا ينفع مع الشرك شيء كذلك لا يضر مع الإيمان شيء,عمر بن الخطاب,لا يصح (موضوع / منكر جدًا من قول المرجئة),ابن الجوزي / عمرو بن علي الفلاس / الدارقطني,ضعفه ابن الجوزي وعلله بالمنذر بن زياد الطائي. قال عمرو بن علي الفلاس: «كان المنذر بن زياد كذابًا»، وقال الدارقطني: «متروك له مناكير». تنبيه: هذا المتن خالف قطعيّات الشريعة والنصوص المتواترة في استحقاق العصاة للوعيد والعقاب، وهو من وضع المرجئة.,false
141,الموضوعات,ابن الجوزي,,كتاب فضائل القرآن - باب ثواب حامل القرآن,حديث,أُعطي النبوة كلها، ويقال له يوم القيامة اقرأ وارقه لكل آية درجة حتى ينجز ما معه من القرآن، ويقال له اقبض فيقبض بيده ثم يقال له: اقبض فيقبض بيده ثم يقال له أتدري ما في يديك، فإذا في يده اليمنى الخلد، وفي الأخرى النعيم.,أعطي النبوة كلها ويقال له يوم القيامة اقرأ وارقه لكل آية درجة حتى ينجز ما معه من القرآن ويقال له اقبض فيقبض بيده ثم يقال له اقبض فيقبض بيده,القاسم بن عبد الرحمن (عن أصحاب رسول الله),لا يصح (موضوع / باطل),ابن الجوزي / أحمد بن حنبل / يحيى بن سعيد القطان / أبو حاتم الرازي / ابن حبان,ضعفه ابن الجوزي لعلة بشر بن نمير ويحيى بن العلاء الرازي. قال الإمام أحمد: «ترك الناس حديث بشر، ويحيى بن العلاء كذاب يضع الحديث وبشر بن نمير أسوأ حالاً منه»، وقال يحيى بن سعيد: «كان ركناً من أركان الكذب»، وقال أبو حاتم الرازي: «متروك»، وقال ابن حبان: «القاسم يروي عن أصحاب رسول الله المعضلات».,false
142,الموضوعات,ابن الجوزي,,كتاب فضائل القرآن - باب حفاظ القرآن عرفاء أهل الجنة,حديث,حملة القرآن عرفاء أهل الجنة.,حملة القرآن عرفاء أهل الجنة,الحسين بن علي بن أبي طالب,لا يصح (ضعيف جداً / متروك),ابن الجوزي / أحمد بن حنبل / يحيى بن معين / ابن حبان,ضعفه ابن الجوزي وعلله بفايد أبي الورقاء المدني. قال الإمام أحمد: «هو متروك الحديث»، وقال يحيى بن معين: «ليس بثقة»، وقال ابن حبان: «لا يجوز الاحتجاج به».,false
143,الموضوعات,ابن الجوزي,,كتاب فضائل القرآن - باب حفاظ القرآن عرفاء أهل الجنة (طريق أنس),حديث,[حملة القرآن عرفاء أهل الجنة يوم القيامة],باب حفاظ القرآن عرفاء أهل الجنة وأما حديث أنس أنبأنا الجريري قال أنبأنا العشاري قال حدثنا الدارقطني قال حدثنا أبو عبد الله بن مخلد حدثنا عنبس بن إسماعيل القزاز حدثنا مجاشع بن عمرو,أنس بن مالك,موضوع (طريق مجاشع بن عمرو الكذاب),ابن الجوزي / الدارقطني,تم وضع علامة المراجعة لانقطاع النص عند قوله: «قال رسول الله». والحديث من هذا الطريق مدار إسناده على مجاشع بن عمرو الأسدي وهو كذاب وضاع يضع الحديث على الثقات مثل الليث بن سعد.,true
144,الموضوعات,ابن الجوزي,,كتاب الزكاة والصدقات - باب لو صدق السائل ما أفلح من رده (طريق أبي أمامة),حديث,لولا أن المساكين يكذبون ما أفلح من ردهم.,لولا أن المساكين يكذبون ما أفلح من ردهم,أبو أمامة الباهلي,لا يصح (موضوع / غير محفوظ),ابن الجوزي / يحيى بن معين / النسائي / الدارقطني / ابن حبان / أحمد بن حنبل,ضعفه ابن الجوزي وبيّن بطلانه من طريقين: 1- الطريق الأول فيه عمر بن موسى الحُمَصي (قال يحيى: ليس بثقة، وقال النسائي والدارقطني: متروك، وقال ابن حبان: في عداد من يضع الحديث). 2- الطريق الثاني فيه هياج بن بسطام وجعفر بن الزبير (قال أحمد: متروكان).,false
145,الموضوعات,ابن الجوزي,,كتاب الزكاة والصدقات - باب لو صدق السائل ما أفلح من رده (طريق عائشة وعمرو),حديث,إن السؤال لو صدقوا ما أفلح من ردهم.,إن السؤال لو صدقوا ما أفلح من ردهم,عائشة أم المؤمنين / عمرو بن حريث,لا يصح (لا أصل له),ابن الجوزي / ابن حبان / العقيلي,ضعفه ابن الجوزي وعلله بوجود عبد الله بن عبد الملك بن عثمان بن كرز (قال ابن حبان: لا يشبه حديثه حديث الثقات، ولا أصل لهذا الحديث). ونقل قول العقيلي الشامل: «لا يصح في هذا الباب عن النبي صلى الله عليه وسلم شيء».,false
146,الموضوعات,ابن الجوزي,,كتاب الزكاة والصدقات - باب من لم يجد ما يتصدق به فليلعن اليهود,حديث,[من لم يجد ما يتصدق به فليلعن اليهود فإن لعنهم صدقة...],باب من لم يجد ما يتصدق به فليلعن اليهود فيه عن أبي هريرة وعائشة فأما حديث أبي هريرة أنبأنا أبو منصور القزاز أنبأنا أحمد بن علي بن,أبو هريرة / عائشة أم المؤمنين,موضوع (باطل لا يصح),ابن الجوزي / الخطيب البغدادي / ابن عدي,تم وضع علامة المراجعة لانقطاع السند ومتن في نهاية المقتطع عند «أنبأنا أحمد بن علي بن...». والحديث المذكور في هذا الباب موضوع ومكذوب بجميع طرقه المروية عن أبي هريرة وعائشة.,true
147,الموضوعات,ابن الجوزي,,كتاب المرضى والعلل - باب كتمان المرض (ثلاث من كنوز البر),حديث,ثلاث من كنوز البر: إخفاء الصدقة، وكتمان الشكوى، وكتمان المصيبة. يقول الله تعالى: إذا ابتليت عندي فصبر ولم يشتكِ إلى عواده أبدلته لحمًا خيرًا من لحمه ودمًا خيرًا من دمه، فإن أبرأته أبرأته ولا ذنب له، وإن توفيته فإلى رحمتي.,ثلاث من كنوز البر إخفاء الصدقة وكتمان الشكوى وكتمان المصيبة يقول الله تعالى إذا ابتليت عندي فصبر ولم يشتك إلى عواده أبدلته لحما خيرا من لحمه ودما خيرا من دمه,أنس بن مالك,لا يصح (موضوع / تفرد به منكر الحديث),ابن الجوزي / البخاري / أبو أسامة / يحيى بن معين / النسائي / ابن حبان,ضعفه ابن الجوزي وعلله بتفرد الجارود بن يزيد العامري به عن سفيان الثوري. قال البخاري فيه: «منكر الحديث»، وكان أبو أسامة يرميه بالكذب، وقال يحيى بن معين: «ليس بشيء»، وقال النسائي: «متروك الحديث»، وقال ابن حبان: «الجارود يروي عن الثقات ما لا أصل له منها هذا الحديث».,false
148,الموضوعات,ابن الجوزي,,كتاب المرضى والعلل - باب كتمان المرض (طريق آخر عن أبي هريرة),حديث,قال الله عز وجل: أبتلي عبدي بالبلاء فإن لم يشكني إلى عواده أبدلته لحمًا خيرًا من لحمه ودمًا أطيب من دمه، فإن أطلقته من أسري أمرته فاستأنف العمل.,قال الله عز وجل أبتلي عبدي بالبلاء فإن لم يشكني إلى عواده أبدلته لحما خيرا من لحمه ودما أطيب من دمه فإن أطلقته من أسري أمرته فاستأنف العمل,أبو هريرة,لا يصح (موضوع / ضعيف جداً),ابن الجوزي / يحيى بن سعيد القطان,ضعفه ابن الجوزي وعلله بعبد الله بن سعيد بن أبي سعيد المقبري. وقد انقطع الكلام في آخر المقتطع عند قول يحيى بن سعيد القطان فيه (وعبد الله بن سعيد متروك الحديث كذاب عند الأئمة).,true
149,الموضوعات,ابن الجوزي,,كتاب صفة الجنة - باب في جرح عبد الرحمن بن إسحاق,حديث,[الحديث المروي من طريق عبد الرحمن بن إسحاق أبا شيبة الواسطي],هذا حديث لا يصح والمتهم به عبد الرحمن بن إسحاق وهو أبو شيبة الواسطي قال أحمد ليس بشيء منكر الحديث وقال يحيى متروك,غير مذكور صراحة في المقتطع,لا يصح (موضوع / متروك),ابن الجوزي / أحمد بن حنبل / يحيى بن معين,ضعفه ابن الجوزي وعلله بعبد الرحمن بن إسحاق (أبي شيبة الواسطي). قال الإمام أحمد: «ليس بشيء منكر الحديث»، وقال يحيى بن معين: «متروك».,true
150,الموضوعات,ابن الجوزي,,كتاب صفة الجنة - باب مراتب أهل الجنة,حديث,الأنبياء سادة أهل الجنة، والعلماء قواد أهل الجنة، وأهل القرآن عرفاء أهل الجنة.,الأنبياء سادة أهل الجنة والعلماء قواد أهل الجنة وأهل القرآن عرفاء أهل الجنة,أنس بن مالك,لا يصح (موضوع / مكذوب),ابن الجوزي / ابن حبان,ضعفه ابن الجوزي والمتهم بوضعه مجاشع بن عمرو الأسدي. قال ابن حبان فيه: «كان يضع الحديث على الثقات لا يحل ذكره إلا بالقدح فيه».,false
151,الموضوعات,ابن الجوزي,,كتاب صفة الجنة - باب انفراد موسى في الجنة باللحية وآدم بالكنية,حديث,ليس أحد من أهل الجنة إلا يدعى باسمه، إلا آدم فانه يكنى أبا محمد، وليس أحد من أهل الجنة إلا وهم جرد، إلا موسى بن عمران فإن لحيته تبلغ سرته.,ليس أحد من أهل الجنة إلا يدعى باسمه إلا آدم فانه يكنى أبا محمد وليس أحد من أهل الجنة إلا وهم جرد إلا موسى بن عمران فإن لحيته تبلغ سرته,جابر بن عبد الله,لا يصح (موضوع / باطل),ابن الجوزي / ابن عدي / الخطيب البغدادي,ضعفه ابن الجوزي وبيّن بطلانه ووضعه من الطريقين، وفيه وهب بن حفص وشيخ بن أبي خالد البصري ورجال مناكير. وقد انقطع النص في آخر المقتطع عند بداية إيراد ألفاظ الطريق الثاني: «يدعى الناس بأسمائهم يوم القيامة...».,true
152,الموضوعات,ابن الجوزي,,كتاب الآداب والصفات - باب صفوة الله من خلقه (حسن الوجه والاسم),حديث,من آتاه الله عز وجل وجهاً حسناً واسماً حسناً وجعله في موضع غير شائن له فهو من صفوة الله عز وجل في خلقه.,من آتاه الله عز وجل وجها حسنا واسما حسنا وجعله في موضع غير شائن له فهو من صفوة الله عز وجل في خلقه,عبد الله بن عباس,لا يصح (موضوع / باطل),ابن الجوزي / يحيى بن معين / النسائي / ابن حبان / الدارقطني,ضعفه ابن الجوزي وعلله بسليم بن مسلم المكي وخلف بن خالد البصري. قال يحيى في سليم: «ليس بثقة»، وقال النسائي: «متروك الحديث»، وقال ابن حبان: «يروي عن الثقات الموضوعات»، وقال الدارقطني: «الحمل في هذا الحديث على خلف لا على سليم».,false
153,الموضوعات,ابن الجوزي,,كتاب الآداب والصفات - باب إرسال البريد حسن الوجه والاسم,حديث,إذا بعثتم إلي بريدًا فابعثوه حسن الوجه حسن الاسم.,إذا بعثتم إلي بريدا فابعثوه حسن الوجه حسن الاسم,أبو هريرة,لا يصح (موضوع / لا يحل ذكره إلا بالقدح فيه),ابن الجوزي / أحمد بن حنبل / يحيى بن معين / ابن حبان,ضعفه ابن الجوزي وعلله بعمر بن راشد اليمامي. قال الإمام أحمد: «عمر بن راشد لا يساوي حديثه شيئاً»، وقال يحيى: «ليس بشيء»، وقال ابن حبان: «يضع الحديث لا يحل ذكره إلا بالقدح فيه».,false
154,الموضوعات,ابن الجوزي,,كتاب الآداب والصفات - باب الوجوه الملاح والحدق السود,حديث,[اطلبوا الخير عند حسان الوجوه / اطلبوا حوائجكم عند حسان الوجوه...],باب الوجوه الملاح والحدق السود أنبأنا عبد الرحمن بن محمد القزاز قال أنبأنا أحمد بن علي بن ثابت أنبأنا أبو القاسم الأزهري وأحمد بن عبد الله الوكيع,عائشة أم المؤمنين / أنس بن مالك / غيرهما (بحسب سياق الباب),لا يصح (موضوع / متهم بوضعه العدوي وغيره),ابن الجوزي / الخطيب البغدادي / ابن عدي,تم وضع علامة المراجعة لانقطاع النص وسنده في آخره عند «قال حدثنا». والحديث المذكور في هذا الباب مروي من طرق واهية ومتهم بوضعه الحسن بن علي بن زكريا العدوي الوضاع.,true
155,الموضوعات,ابن الجوزي,,كتاب المبتدأ - باب ما جاء في كوكب سهيل,حديث,إن سهيلاً كان عشاراً ظلوماً فمسخه الله شهاباً.,إن سهيلا كان عشارا ظلوما فمسخه الله شهابا,عبد الله بن عمر,لا يصح موقوفاً ولا مرفوعاً (موضوع / باطل),ابن الجوزي / الدارقطني / يحيى بن معين / النسائي / أحمد بن حنبل / ابن حبان,ضعفه ابن الجوزي وعلله بوجود إبراهيم بن يزيد الخوزي (قال يحيى: ليس بشيء، وقال النسائي: متروك)، وبكر بن بكار، وعثمان بن عبد الرحمن الوقاصي (قال ابن حبان: لا يجوز الاحتجاج به)، ومبشر بن عبيد (قال الإمام أحمد: كان يضع الحديث).,false
156,الموضوعات,ابن الجوزي,,كتاب المبتدأ - باب ما جاء في كوكب سهيل (طريق علي بن أبي طالب),حديث,لعن الله سهيلاً ثلاث مرات، فقيل له، فقال: إنه كان عشاراً يبخس الناس في الأرض بالظلم فمسخه الله شهاباً.,لعن الله سهيلا ثلاث مرات فقيل له فقال إنه كان عشارا يبخس الناس في الأرض بالظلم فمسخه الله شهابا,علي بن أبي طالب,لا يصح مرفوعاً (مداره على كذاب ضعيف),ابن الجوزي / جرير بن عبد الحميد / أبو حنيفة / يحيى بن معين,ضعفه ابن الجوزي وعلله بوجود رواة ضعفاء ومتروكين في السند.,false
